<annotation>
	<folder>VOC2010</folder>
	<filename>00450000202444_0.jpg</filename>
	<source>
		<database>DICOM VOC2010 compatible Annotation Database</database>
		<annotation>Department of Computer Science and Communication</annotation>
		<image>University of Insubria</image>
	</source>
	<size>
		<width>640</width>
		<height>480</height>
		<depth>3</depth>
	</size>
	<segmented>1</segmented>
	<object>
		<name>2</name>
		<pose>Unspecified</pose>
		<truncated>0</truncated>
		<difficult>0</difficult>
		<bndbox>
			<xmax>128</xmax>
			<xmin>74</xmin>
			<ymax>272</ymax>
			<ymin>202</ymin>
		</bndbox>
	</object>
	<object>
		<name>2</name>
		<pose>Unspecified</pose>
		<truncated>0</truncated>
		<difficult>0</difficult>
		<bndbox>
			<xmax>202</xmax>
			<xmin>142</xmin>
			<ymax>273</ymax>
			<ymin>205</ymin>
		</bndbox>
	</object>
	<object>
		<name>4</name>
		<pose>Unspecified</pose>
		<truncated>0</truncated>
		<difficult>0</difficult>
		<bndbox>
			<xmax>269</xmax>
			<xmin>217</xmin>
			<ymax>274</ymax>
			<ymin>205</ymin>
		</bndbox>
	</object>
	<object>
		<name>4</name>
		<pose>Unspecified</pose>
		<truncated>0</truncated>
		<difficult>0</difficult>
		<bndbox>
			<xmax>340</xmax>
			<xmin>284</xmin>
			<ymax>275</ymax>
			<ymin>205</ymin>
		</bndbox>
	</object>
	<object>
		<name>7</name>
		<pose>Unspecified</pose>
		<truncated>0</truncated>
		<difficult>0</difficult>
		<bndbox>
			<xmax>407</xmax>
			<xmin>355</xmin>
			<ymax>277</ymax>
			<ymin>209</ymin>
		</bndbox>
	</object>
	<object>
		<name>8</name>
		<pose>Unspecified</pose>
		<truncated>0</truncated>
		<difficult>0</difficult>
		<bndbox>
			<xmax>473</xmax>
			<xmin>425</xmin>
			<ymax>276</ymax>
			<ymin>210</ymin>
		</bndbox>
	</object>
	<object>
		<name>9</name>
		<pose>Unspecified</pose>
		<truncated>0</truncated>
		<difficult>0</difficult>
		<bndbox>
			<xmax>541</xmax>
			<xmin>487</xmin>
			<ymax>273</ymax>
			<ymin>215</ymin>
		</bndbox>
	</object>
	<object>
		<name>6</name>
		<pose>Unspecified</pose>
		<truncated>0</truncated>
		<difficult>0</difficult>
		<bndbox>
			<xmax>601</xmax>
			<xmin>551</xmin>
			<ymax>279</ymax>
			<ymin>218</ymin>
		</bndbox>
	</object>
</annotation>