<annotation>
	<folder>VOC2010</folder>
	<filename>00450000203199_0.jpg</filename>
	<source>
		<database>DICOM VOC2010 compatible Annotation Database</database>
		<annotation>Department of Computer Science and Communication</annotation>
		<image>University of Insubria</image>
	</source>
	<size>
		<width>640</width>
		<height>480</height>
		<depth>3</depth>
	</size>
	<segmented>1</segmented>
	<object>
		<name>2</name>
		<pose>Unspecified</pose>
		<truncated>0</truncated>
		<difficult>0</difficult>
		<bndbox>
			<xmax>161</xmax>
			<xmin>124</xmin>
			<ymax>215</ymax>
			<ymin>173</ymin>
		</bndbox>
	</object>
	<object>
		<name>7</name>
		<pose>Unspecified</pose>
		<truncated>0</truncated>
		<difficult>0</difficult>
		<bndbox>
			<xmax>206</xmax>
			<xmin>170</xmin>
			<ymax>214</ymax>
			<ymin>175</ymin>
		</bndbox>
	</object>
	<object>
		<name>5</name>
		<pose>Unspecified</pose>
		<truncated>0</truncated>
		<difficult>0</difficult>
		<bndbox>
			<xmax>253</xmax>
			<xmin>216</xmin>
			<ymax>217</ymax>
			<ymin>176</ymin>
		</bndbox>
	</object>
	<object>
		<name>7</name>
		<pose>Unspecified</pose>
		<truncated>0</truncated>
		<difficult>0</difficult>
		<bndbox>
			<xmax>299</xmax>
			<xmin>260</xmin>
			<ymax>217</ymax>
			<ymin>177</ymin>
		</bndbox>
	</object>
	<object>
		<name>2</name>
		<pose>Unspecified</pose>
		<truncated>0</truncated>
		<difficult>0</difficult>
		<bndbox>
			<xmax>348</xmax>
			<xmin>309</xmin>
			<ymax>219</ymax>
			<ymin>175</ymin>
		</bndbox>
	</object>
	<object>
		<name>8</name>
		<pose>Unspecified</pose>
		<truncated>0</truncated>
		<difficult>0</difficult>
		<bndbox>
			<xmax>396</xmax>
			<xmin>355</xmin>
			<ymax>220</ymax>
			<ymin>175</ymin>
		</bndbox>
	</object>
	<object>
		<name>3</name>
		<pose>Unspecified</pose>
		<truncated>0</truncated>
		<difficult>0</difficult>
		<bndbox>
			<xmax>440</xmax>
			<xmin>403</xmin>
			<ymax>222</ymax>
			<ymin>184</ymin>
		</bndbox>
	</object>
	<object>
		<name>4</name>
		<pose>Unspecified</pose>
		<truncated>0</truncated>
		<difficult>0</difficult>
		<bndbox>
			<xmax>492</xmax>
			<xmin>452</xmin>
			<ymax>225</ymax>
			<ymin>185</ymin>
		</bndbox>
	</object>
</annotation>