<annotation>
	<folder>VOC2010</folder>
	<filename>00450000202698_0.jpg</filename>
	<source>
		<database>DICOM VOC2010 compatible Annotation Database</database>
		<annotation>Department of Computer Science and Communication</annotation>
		<image>University of Insubria</image>
	</source>
	<size>
		<width>640</width>
		<height>480</height>
		<depth>3</depth>
	</size>
	<segmented>1</segmented>
	<object>
		<name>2</name>
		<pose>Unspecified</pose>
		<truncated>0</truncated>
		<difficult>0</difficult>
		<bndbox>
			<xmax>179</xmax>
			<xmin>146</xmin>
			<ymax>229</ymax>
			<ymin>187</ymin>
		</bndbox>
	</object>
	<object>
		<name>4</name>
		<pose>Unspecified</pose>
		<truncated>0</truncated>
		<difficult>0</difficult>
		<bndbox>
			<xmax>214</xmax>
			<xmin>185</xmin>
			<ymax>235</ymax>
			<ymin>193</ymin>
		</bndbox>
	</object>
	<object>
		<name>3</name>
		<pose>Unspecified</pose>
		<truncated>0</truncated>
		<difficult>0</difficult>
		<bndbox>
			<xmax>256</xmax>
			<xmin>223</xmin>
			<ymax>237</ymax>
			<ymin>197</ymin>
		</bndbox>
	</object>
	<object>
		<name>2</name>
		<pose>Unspecified</pose>
		<truncated>0</truncated>
		<difficult>0</difficult>
		<bndbox>
			<xmax>302</xmax>
			<xmin>265</xmin>
			<ymax>242</ymax>
			<ymin>201</ymin>
		</bndbox>
	</object>
	<object>
		<name>1</name>
		<pose>Unspecified</pose>
		<truncated>0</truncated>
		<difficult>0</difficult>
		<bndbox>
			<xmax>339</xmax>
			<xmin>304</xmin>
			<ymax>243</ymax>
			<ymin>206</ymin>
		</bndbox>
	</object>
	<object>
		<name>4</name>
		<pose>Unspecified</pose>
		<truncated>0</truncated>
		<difficult>0</difficult>
		<bndbox>
			<xmax>380</xmax>
			<xmin>351</xmin>
			<ymax>247</ymax>
			<ymin>208</ymin>
		</bndbox>
	</object>
	<object>
		<name>4</name>
		<pose>Unspecified</pose>
		<truncated>0</truncated>
		<difficult>0</difficult>
		<bndbox>
			<xmax>473</xmax>
			<xmin>437</xmin>
			<ymax>253</ymax>
			<ymin>217</ymin>
		</bndbox>
	</object>
</annotation>