<annotation>
	<folder>VOC2010</folder>
	<filename>00450000304169_0.jpg</filename>
	<source>
		<database>DICOM VOC2010 compatible Annotation Database</database>
		<annotation>Department of Computer Science and Communication</annotation>
		<image>University of Insubria</image>
	</source>
	<size>
		<width>600</width>
		<height>800</height>
		<depth>3</depth>
	</size>
	<segmented>1</segmented>
	<object>
		<name>2</name>
		<pose>Unspecified</pose>
		<truncated>0</truncated>
		<difficult>0</difficult>
		<bndbox>
			<xmax>316</xmax>
			<xmin>245</xmin>
			<ymax>263</ymax>
			<ymin>175</ymin>
		</bndbox>
	</object>
	<object>
		<name>8</name>
		<pose>Unspecified</pose>
		<truncated>0</truncated>
		<difficult>0</difficult>
		<bndbox>
			<xmax>396</xmax>
			<xmin>335</xmin>
			<ymax>266</ymax>
			<ymin>178</ymin>
		</bndbox>
	</object>
	<object>
		<name>5</name>
		<pose>Unspecified</pose>
		<truncated>0</truncated>
		<difficult>0</difficult>
		<bndbox>
			<xmax>483</xmax>
			<xmin>411</xmin>
			<ymax>275</ymax>
			<ymin>185</ymin>
		</bndbox>
	</object>
</annotation>