<annotation>
	<folder>VOC2010</folder>
	<filename>00450000405084_0.jpg</filename>
	<source>
		<database>DICOM VOC2010 compatible Annotation Database</database>
		<annotation>Department of Computer Science and Communication</annotation>
		<image>University of Insubria</image>
	</source>
	<size>
		<width>640</width>
		<height>480</height>
		<depth>3</depth>
	</size>
	<segmented>1</segmented>
	<object>
		<name>5</name>
		<pose>Unspecified</pose>
		<truncated>0</truncated>
		<difficult>0</difficult>
		<bndbox>
			<xmax>185</xmax>
			<xmin>137</xmin>
			<ymax>373</ymax>
			<ymin>324</ymin>
		</bndbox>
	</object>
	<object>
		<name>4</name>
		<pose>Unspecified</pose>
		<truncated>0</truncated>
		<difficult>0</difficult>
		<bndbox>
			<xmax>224</xmax>
			<xmin>188</xmin>
			<ymax>372</ymax>
			<ymin>325</ymin>
		</bndbox>
	</object>
	<object>
		<name>6</name>
		<pose>Unspecified</pose>
		<truncated>0</truncated>
		<difficult>0</difficult>
		<bndbox>
			<xmax>281</xmax>
			<xmin>236</xmin>
			<ymax>373</ymax>
			<ymin>325</ymin>
		</bndbox>
	</object>
	<object>
		<name>8</name>
		<pose>Unspecified</pose>
		<truncated>0</truncated>
		<difficult>0</difficult>
		<bndbox>
			<xmax>322</xmax>
			<xmin>283</xmin>
			<ymax>372</ymax>
			<ymin>325</ymin>
		</bndbox>
	</object>
	<object>
		<name>0</name>
		<pose>Unspecified</pose>
		<truncated>0</truncated>
		<difficult>0</difficult>
		<bndbox>
			<xmax>365</xmax>
			<xmin>323</xmin>
			<ymax>374</ymax>
			<ymin>326</ymin>
		</bndbox>
	</object>
	<object>
		<name>8</name>
		<pose>Unspecified</pose>
		<truncated>0</truncated>
		<difficult>0</difficult>
		<bndbox>
			<xmax>407</xmax>
			<xmin>369</xmin>
			<ymax>373</ymax>
			<ymin>325</ymin>
		</bndbox>
	</object>
	<object>
		<name>7</name>
		<pose>Unspecified</pose>
		<truncated>0</truncated>
		<difficult>0</difficult>
		<bndbox>
			<xmax>448</xmax>
			<xmin>413</xmin>
			<ymax>374</ymax>
			<ymin>328</ymin>
		</bndbox>
	</object>
	<object>
		<name>4</name>
		<pose>Unspecified</pose>
		<truncated>0</truncated>
		<difficult>0</difficult>
		<bndbox>
			<xmax>487</xmax>
			<xmin>451</xmin>
			<ymax>372</ymax>
			<ymin>329</ymin>
		</bndbox>
	</object>
</annotation>