<annotation>
	<folder>VOC2010</folder>
	<filename>00883201375700_0.jpg</filename>
	<source>
		<database>DICOM VOC2010 compatible Annotation Database</database>
		<annotation>Department of Computer Science and Communication</annotation>
		<image>University of Insubria</image>
	</source>
	<size>
		<width>640</width>
		<height>480</height>
		<depth>3</depth>
	</size>
	<segmented>1</segmented>
	<object>
		<name>0</name>
		<pose>Unspecified</pose>
		<truncated>0</truncated>
		<difficult>0</difficult>
		<bndbox>
			<xmax>159</xmax>
			<xmin>120</xmin>
			<ymax>209</ymax>
			<ymin>168</ymin>
		</bndbox>
	</object>
	<object>
		<name>2</name>
		<pose>Unspecified</pose>
		<truncated>0</truncated>
		<difficult>0</difficult>
		<bndbox>
			<xmax>207</xmax>
			<xmin>166</xmin>
			<ymax>209</ymax>
			<ymin>160</ymin>
		</bndbox>
	</object>
	<object>
		<name>2</name>
		<pose>Unspecified</pose>
		<truncated>0</truncated>
		<difficult>0</difficult>
		<bndbox>
			<xmax>249</xmax>
			<xmin>212</xmin>
			<ymax>207</ymax>
			<ymin>160</ymin>
		</bndbox>
	</object>
	<object>
		<name>0</name>
		<pose>Unspecified</pose>
		<truncated>0</truncated>
		<difficult>0</difficult>
		<bndbox>
			<xmax>297</xmax>
			<xmin>259</xmin>
			<ymax>208</ymax>
			<ymin>162</ymin>
		</bndbox>
	</object>
	<object>
		<name>4</name>
		<pose>Unspecified</pose>
		<truncated>0</truncated>
		<difficult>0</difficult>
		<bndbox>
			<xmax>336</xmax>
			<xmin>305</xmin>
			<ymax>207</ymax>
			<ymin>158</ymin>
		</bndbox>
	</object>
	<object>
		<name>7</name>
		<pose>Unspecified</pose>
		<truncated>0</truncated>
		<difficult>0</difficult>
		<bndbox>
			<xmax>383</xmax>
			<xmin>354</xmin>
			<ymax>202</ymax>
			<ymin>163</ymin>
		</bndbox>
	</object>
	<object>
		<name>3</name>
		<pose>Unspecified</pose>
		<truncated>0</truncated>
		<difficult>0</difficult>
		<bndbox>
			<xmax>432</xmax>
			<xmin>394</xmin>
			<ymax>202</ymax>
			<ymin>165</ymin>
		</bndbox>
	</object>
	<object>
		<name>9</name>
		<pose>Unspecified</pose>
		<truncated>0</truncated>
		<difficult>0</difficult>
		<bndbox>
			<xmax>478</xmax>
			<xmin>441</xmin>
			<ymax>202</ymax>
			<ymin>166</ymin>
		</bndbox>
	</object>
</annotation>