<annotation>
	<folder>VOC2010</folder>
	<filename>00883201344458_0.jpg</filename>
	<source>
		<database>DICOM VOC2010 compatible Annotation Database</database>
		<annotation>Department of Computer Science and Communication</annotation>
		<image>University of Insubria</image>
	</source>
	<size>
		<width>640</width>
		<height>480</height>
		<depth>3</depth>
	</size>
	<segmented>1</segmented>
	<object>
		<name>0</name>
		<pose>Unspecified</pose>
		<truncated>0</truncated>
		<difficult>0</difficult>
		<bndbox>
			<xmax>206</xmax>
			<xmin>162</xmin>
			<ymax>241</ymax>
			<ymin>198</ymin>
		</bndbox>
	</object>
	<object>
		<name>3</name>
		<pose>Unspecified</pose>
		<truncated>0</truncated>
		<difficult>0</difficult>
		<bndbox>
			<xmax>248</xmax>
			<xmin>212</xmin>
			<ymax>241</ymax>
			<ymin>197</ymin>
		</bndbox>
	</object>
	<object>
		<name>7</name>
		<pose>Unspecified</pose>
		<truncated>0</truncated>
		<difficult>0</difficult>
		<bndbox>
			<xmax>294</xmax>
			<xmin>260</xmin>
			<ymax>237</ymax>
			<ymin>195</ymin>
		</bndbox>
	</object>
	<object>
		<name>2</name>
		<pose>Unspecified</pose>
		<truncated>0</truncated>
		<difficult>0</difficult>
		<bndbox>
			<xmax>351</xmax>
			<xmin>302</xmin>
			<ymax>235</ymax>
			<ymin>195</ymin>
		</bndbox>
	</object>
	<object>
		<name>5</name>
		<pose>Unspecified</pose>
		<truncated>0</truncated>
		<difficult>0</difficult>
		<bndbox>
			<xmax>401</xmax>
			<xmin>360</xmin>
			<ymax>244</ymax>
			<ymin>195</ymin>
		</bndbox>
	</object>
	<object>
		<name>4</name>
		<pose>Unspecified</pose>
		<truncated>0</truncated>
		<difficult>0</difficult>
		<bndbox>
			<xmax>459</xmax>
			<xmin>414</xmin>
			<ymax>244</ymax>
			<ymin>192</ymin>
		</bndbox>
	</object>
	<object>
		<name>9</name>
		<pose>Unspecified</pose>
		<truncated>0</truncated>
		<difficult>0</difficult>
		<bndbox>
			<xmax>512</xmax>
			<xmin>466</xmin>
			<ymax>252</ymax>
			<ymin>196</ymin>
		</bndbox>
	</object>
	<object>
		<name>3</name>
		<pose>Unspecified</pose>
		<truncated>0</truncated>
		<difficult>0</difficult>
		<bndbox>
			<xmax>584</xmax>
			<xmin>527</xmin>
			<ymax>254</ymax>
			<ymin>196</ymin>
		</bndbox>
	</object>
</annotation>