<annotation>
	<folder>VOC2010</folder>
	<filename>00883201368333_0.jpg</filename>
	<source>
		<database>DICOM VOC2010 compatible Annotation Database</database>
		<annotation>Department of Computer Science and Communication</annotation>
		<image>University of Insubria</image>
	</source>
	<size>
		<width>640</width>
		<height>480</height>
		<depth>3</depth>
	</size>
	<segmented>1</segmented>
	<object>
		<name>1</name>
		<pose>Unspecified</pose>
		<truncated>0</truncated>
		<difficult>0</difficult>
		<bndbox>
			<xmax>148</xmax>
			<xmin>104</xmin>
			<ymax>198</ymax>
			<ymin>159</ymin>
		</bndbox>
	</object>
	<object>
		<name>8</name>
		<pose>Unspecified</pose>
		<truncated>0</truncated>
		<difficult>0</difficult>
		<bndbox>
			<xmax>197</xmax>
			<xmin>157</xmin>
			<ymax>196</ymax>
			<ymin>156</ymin>
		</bndbox>
	</object>
	<object>
		<name>8</name>
		<pose>Unspecified</pose>
		<truncated>0</truncated>
		<difficult>0</difficult>
		<bndbox>
			<xmax>243</xmax>
			<xmin>207</xmin>
			<ymax>196</ymax>
			<ymin>154</ymin>
		</bndbox>
	</object>
	<object>
		<name>6</name>
		<pose>Unspecified</pose>
		<truncated>0</truncated>
		<difficult>0</difficult>
		<bndbox>
			<xmax>290</xmax>
			<xmin>253</xmin>
			<ymax>194</ymax>
			<ymin>153</ymin>
		</bndbox>
	</object>
	<object>
		<name>8</name>
		<pose>Unspecified</pose>
		<truncated>0</truncated>
		<difficult>0</difficult>
		<bndbox>
			<xmax>333</xmax>
			<xmin>298</xmin>
			<ymax>201</ymax>
			<ymin>153</ymin>
		</bndbox>
	</object>
	<object>
		<name>4</name>
		<pose>Unspecified</pose>
		<truncated>0</truncated>
		<difficult>0</difficult>
		<bndbox>
			<xmax>380</xmax>
			<xmin>349</xmin>
			<ymax>196</ymax>
			<ymin>154</ymin>
		</bndbox>
	</object>
	<object>
		<name>0</name>
		<pose>Unspecified</pose>
		<truncated>0</truncated>
		<difficult>0</difficult>
		<bndbox>
			<xmax>427</xmax>
			<xmin>394</xmin>
			<ymax>196</ymax>
			<ymin>155</ymin>
		</bndbox>
	</object>
	<object>
		<name>7</name>
		<pose>Unspecified</pose>
		<truncated>0</truncated>
		<difficult>0</difficult>
		<bndbox>
			<xmax>477</xmax>
			<xmin>440</xmin>
			<ymax>194</ymax>
			<ymin>156</ymin>
		</bndbox>
	</object>
</annotation>