<annotation>
	<folder>VOC2010</folder>
	<filename>00883203626837_0.jpg</filename>
	<source>
		<database>DICOM VOC2010 compatible Annotation Database</database>
		<annotation>Department of Computer Science and Communication</annotation>
		<image>University of Insubria</image>
	</source>
	<size>
		<width>640</width>
		<height>480</height>
		<depth>3</depth>
	</size>
	<segmented>1</segmented>
	<object>
		<name>0</name>
		<pose>Unspecified</pose>
		<truncated>0</truncated>
		<difficult>0</difficult>
		<bndbox>
			<xmax>173</xmax>
			<xmin>129</xmin>
			<ymax>199</ymax>
			<ymin>146</ymin>
		</bndbox>
	</object>
	<object>
		<name>4</name>
		<pose>Unspecified</pose>
		<truncated>0</truncated>
		<difficult>0</difficult>
		<bndbox>
			<xmax>219</xmax>
			<xmin>181</xmin>
			<ymax>208</ymax>
			<ymin>148</ymin>
		</bndbox>
	</object>
	<object>
		<name>6</name>
		<pose>Unspecified</pose>
		<truncated>0</truncated>
		<difficult>0</difficult>
		<bndbox>
			<xmax>276</xmax>
			<xmin>231</xmin>
			<ymax>213</ymax>
			<ymin>149</ymin>
		</bndbox>
	</object>
	<object>
		<name>8</name>
		<pose>Unspecified</pose>
		<truncated>0</truncated>
		<difficult>0</difficult>
		<bndbox>
			<xmax>333</xmax>
			<xmin>282</xmin>
			<ymax>215</ymax>
			<ymin>155</ymin>
		</bndbox>
	</object>
	<object>
		<name>3</name>
		<pose>Unspecified</pose>
		<truncated>0</truncated>
		<difficult>0</difficult>
		<bndbox>
			<xmax>388</xmax>
			<xmin>347</xmin>
			<ymax>224</ymax>
			<ymin>154</ymin>
		</bndbox>
	</object>
	<object>
		<name>6</name>
		<pose>Unspecified</pose>
		<truncated>0</truncated>
		<difficult>0</difficult>
		<bndbox>
			<xmax>460</xmax>
			<xmin>412</xmin>
			<ymax>223</ymax>
			<ymin>171</ymin>
		</bndbox>
	</object>
	<object>
		<name>4</name>
		<pose>Unspecified</pose>
		<truncated>0</truncated>
		<difficult>0</difficult>
		<bndbox>
			<xmax>520</xmax>
			<xmin>471</xmin>
			<ymax>229</ymax>
			<ymin>174</ymin>
		</bndbox>
	</object>
</annotation>