<annotation>
	<folder>VOC2010</folder>
	<filename>00883201350141_0.jpg</filename>
	<source>
		<database>DICOM VOC2010 compatible Annotation Database</database>
		<annotation>Department of Computer Science and Communication</annotation>
		<image>University of Insubria</image>
	</source>
	<size>
		<width>640</width>
		<height>480</height>
		<depth>3</depth>
	</size>
	<segmented>1</segmented>
	<object>
		<name>0</name>
		<pose>Unspecified</pose>
		<truncated>0</truncated>
		<difficult>0</difficult>
		<bndbox>
			<xmax>158</xmax>
			<xmin>119</xmin>
			<ymax>181</ymax>
			<ymin>132</ymin>
		</bndbox>
	</object>
	<object>
		<name>0</name>
		<pose>Unspecified</pose>
		<truncated>0</truncated>
		<difficult>0</difficult>
		<bndbox>
			<xmax>213</xmax>
			<xmin>174</xmin>
			<ymax>182</ymax>
			<ymin>134</ymin>
		</bndbox>
	</object>
	<object>
		<name>7</name>
		<pose>Unspecified</pose>
		<truncated>0</truncated>
		<difficult>0</difficult>
		<bndbox>
			<xmax>266</xmax>
			<xmin>229</xmin>
			<ymax>179</ymax>
			<ymin>131</ymin>
		</bndbox>
	</object>
	<object>
		<name>1</name>
		<pose>Unspecified</pose>
		<truncated>0</truncated>
		<difficult>0</difficult>
		<bndbox>
			<xmax>311</xmax>
			<xmin>279</xmin>
			<ymax>179</ymax>
			<ymin>130</ymin>
		</bndbox>
	</object>
	<object>
		<name>1</name>
		<pose>Unspecified</pose>
		<truncated>0</truncated>
		<difficult>0</difficult>
		<bndbox>
			<xmax>362</xmax>
			<xmin>330</xmin>
			<ymax>175</ymax>
			<ymin>128</ymin>
		</bndbox>
	</object>
	<object>
		<name>0</name>
		<pose>Unspecified</pose>
		<truncated>0</truncated>
		<difficult>0</difficult>
		<bndbox>
			<xmax>410</xmax>
			<xmin>381</xmin>
			<ymax>174</ymax>
			<ymin>130</ymin>
		</bndbox>
	</object>
	<object>
		<name>1</name>
		<pose>Unspecified</pose>
		<truncated>0</truncated>
		<difficult>0</difficult>
		<bndbox>
			<xmax>507</xmax>
			<xmin>480</xmin>
			<ymax>169</ymax>
			<ymin>129</ymin>
		</bndbox>
	</object>
</annotation>