<annotation>
	<folder>VOC2010</folder>
	<filename>00883201372509_0.jpg</filename>
	<source>
		<database>DICOM VOC2010 compatible Annotation Database</database>
		<annotation>Department of Computer Science and Communication</annotation>
		<image>University of Insubria</image>
	</source>
	<size>
		<width>640</width>
		<height>480</height>
		<depth>3</depth>
	</size>
	<segmented>1</segmented>
	<object>
		<name>4</name>
		<pose>Unspecified</pose>
		<truncated>0</truncated>
		<difficult>0</difficult>
		<bndbox>
			<xmax>136</xmax>
			<xmin>102</xmin>
			<ymax>213</ymax>
			<ymin>178</ymin>
		</bndbox>
	</object>
	<object>
		<name>8</name>
		<pose>Unspecified</pose>
		<truncated>0</truncated>
		<difficult>0</difficult>
		<bndbox>
			<xmax>174</xmax>
			<xmin>144</xmin>
			<ymax>213</ymax>
			<ymin>175</ymin>
		</bndbox>
	</object>
	<object>
		<name>5</name>
		<pose>Unspecified</pose>
		<truncated>0</truncated>
		<difficult>0</difficult>
		<bndbox>
			<xmax>218</xmax>
			<xmin>183</xmin>
			<ymax>221</ymax>
			<ymin>177</ymin>
		</bndbox>
	</object>
	<object>
		<name>2</name>
		<pose>Unspecified</pose>
		<truncated>0</truncated>
		<difficult>0</difficult>
		<bndbox>
			<xmax>264</xmax>
			<xmin>228</xmin>
			<ymax>225</ymax>
			<ymin>180</ymin>
		</bndbox>
	</object>
	<object>
		<name>7</name>
		<pose>Unspecified</pose>
		<truncated>0</truncated>
		<difficult>0</difficult>
		<bndbox>
			<xmax>312</xmax>
			<xmin>275</xmin>
			<ymax>227</ymax>
			<ymin>184</ymin>
		</bndbox>
	</object>
	<object>
		<name>7</name>
		<pose>Unspecified</pose>
		<truncated>0</truncated>
		<difficult>0</difficult>
		<bndbox>
			<xmax>355</xmax>
			<xmin>314</xmin>
			<ymax>236</ymax>
			<ymin>189</ymin>
		</bndbox>
	</object>
	<object>
		<name>5</name>
		<pose>Unspecified</pose>
		<truncated>0</truncated>
		<difficult>0</difficult>
		<bndbox>
			<xmax>393</xmax>
			<xmin>366</xmin>
			<ymax>233</ymax>
			<ymin>197</ymin>
		</bndbox>
	</object>
</annotation>