<annotation>
	<folder>VOC2010</folder>
	<filename>00882401101858_0.jpg</filename>
	<source>
		<database>DICOM VOC2010 compatible Annotation Database</database>
		<annotation>Department of Computer Science and Communication</annotation>
		<image>University of Insubria</image>
	</source>
	<size>
		<width>640</width>
		<height>480</height>
		<depth>3</depth>
	</size>
	<segmented>1</segmented>
	<object>
		<name>0</name>
		<pose>Unspecified</pose>
		<truncated>0</truncated>
		<difficult>0</difficult>
		<bndbox>
			<xmax>165</xmax>
			<xmin>132</xmin>
			<ymax>205</ymax>
			<ymin>166</ymin>
		</bndbox>
	</object>
	<object>
		<name>3</name>
		<pose>Unspecified</pose>
		<truncated>0</truncated>
		<difficult>0</difficult>
		<bndbox>
			<xmax>212</xmax>
			<xmin>173</xmin>
			<ymax>203</ymax>
			<ymin>166</ymin>
		</bndbox>
	</object>
	<object>
		<name>2</name>
		<pose>Unspecified</pose>
		<truncated>0</truncated>
		<difficult>0</difficult>
		<bndbox>
			<xmax>259</xmax>
			<xmin>220</xmin>
			<ymax>202</ymax>
			<ymin>165</ymin>
		</bndbox>
	</object>
	<object>
		<name>0</name>
		<pose>Unspecified</pose>
		<truncated>0</truncated>
		<difficult>0</difficult>
		<bndbox>
			<xmax>302</xmax>
			<xmin>264</xmin>
			<ymax>202</ymax>
			<ymin>167</ymin>
		</bndbox>
	</object>
	<object>
		<name>5</name>
		<pose>Unspecified</pose>
		<truncated>0</truncated>
		<difficult>0</difficult>
		<bndbox>
			<xmax>346</xmax>
			<xmin>313</xmin>
			<ymax>205</ymax>
			<ymin>162</ymin>
		</bndbox>
	</object>
	<object>
		<name>6</name>
		<pose>Unspecified</pose>
		<truncated>0</truncated>
		<difficult>0</difficult>
		<bndbox>
			<xmax>395</xmax>
			<xmin>354</xmin>
			<ymax>200</ymax>
			<ymin>161</ymin>
		</bndbox>
	</object>
	<object>
		<name>3</name>
		<pose>Unspecified</pose>
		<truncated>0</truncated>
		<difficult>0</difficult>
		<bndbox>
			<xmax>436</xmax>
			<xmin>398</xmin>
			<ymax>201</ymax>
			<ymin>161</ymin>
		</bndbox>
	</object>
	<object>
		<name>4</name>
		<pose>Unspecified</pose>
		<truncated>0</truncated>
		<difficult>0</difficult>
		<bndbox>
			<xmax>480</xmax>
			<xmin>444</xmin>
			<ymax>198</ymax>
			<ymin>161</ymin>
		</bndbox>
	</object>
</annotation>