<annotation>
	<folder>VOC2010</folder>
	<filename>00883201362427_0.jpg</filename>
	<source>
		<database>DICOM VOC2010 compatible Annotation Database</database>
		<annotation>Department of Computer Science and Communication</annotation>
		<image>University of Insubria</image>
	</source>
	<size>
		<width>640</width>
		<height>480</height>
		<depth>3</depth>
	</size>
	<segmented>1</segmented>
	<object>
		<name>1</name>
		<pose>Unspecified</pose>
		<truncated>0</truncated>
		<difficult>0</difficult>
		<bndbox>
			<xmax>127</xmax>
			<xmin>92</xmin>
			<ymax>319</ymax>
			<ymin>262</ymin>
		</bndbox>
	</object>
	<object>
		<name>0</name>
		<pose>Unspecified</pose>
		<truncated>0</truncated>
		<difficult>0</difficult>
		<bndbox>
			<xmax>184</xmax>
			<xmin>148</xmin>
			<ymax>318</ymax>
			<ymin>261</ymin>
		</bndbox>
	</object>
	<object>
		<name>2</name>
		<pose>Unspecified</pose>
		<truncated>0</truncated>
		<difficult>0</difficult>
		<bndbox>
			<xmax>238</xmax>
			<xmin>196</xmin>
			<ymax>311</ymax>
			<ymin>262</ymin>
		</bndbox>
	</object>
	<object>
		<name>0</name>
		<pose>Unspecified</pose>
		<truncated>0</truncated>
		<difficult>0</difficult>
		<bndbox>
			<xmax>297</xmax>
			<xmin>259</xmin>
			<ymax>311</ymax>
			<ymin>258</ymin>
		</bndbox>
	</object>
	<object>
		<name>6</name>
		<pose>Unspecified</pose>
		<truncated>0</truncated>
		<difficult>0</difficult>
		<bndbox>
			<xmax>345</xmax>
			<xmin>310</xmin>
			<ymax>303</ymax>
			<ymin>257</ymin>
		</bndbox>
	</object>
	<object>
		<name>9</name>
		<pose>Unspecified</pose>
		<truncated>0</truncated>
		<difficult>0</difficult>
		<bndbox>
			<xmax>399</xmax>
			<xmin>358</xmin>
			<ymax>300</ymax>
			<ymin>256</ymin>
		</bndbox>
	</object>
	<object>
		<name>9</name>
		<pose>Unspecified</pose>
		<truncated>0</truncated>
		<difficult>0</difficult>
		<bndbox>
			<xmax>452</xmax>
			<xmin>415</xmin>
			<ymax>302</ymax>
			<ymin>254</ymin>
		</bndbox>
	</object>
	<object>
		<name>9</name>
		<pose>Unspecified</pose>
		<truncated>0</truncated>
		<difficult>0</difficult>
		<bndbox>
			<xmax>515</xmax>
			<xmin>475</xmin>
			<ymax>307</ymax>
			<ymin>259</ymin>
		</bndbox>
	</object>
</annotation>