<annotation>
	<folder>VOC2010</folder>
	<filename>00883201374851_0.jpg</filename>
	<source>
		<database>DICOM VOC2010 compatible Annotation Database</database>
		<annotation>Department of Computer Science and Communication</annotation>
		<image>University of Insubria</image>
	</source>
	<size>
		<width>640</width>
		<height>480</height>
		<depth>3</depth>
	</size>
	<segmented>1</segmented>
	<object>
		<name>6</name>
		<pose>Unspecified</pose>
		<truncated>0</truncated>
		<difficult>0</difficult>
		<bndbox>
			<xmax>119</xmax>
			<xmin>92</xmin>
			<ymax>175</ymax>
			<ymin>141</ymin>
		</bndbox>
	</object>
	<object>
		<name>6</name>
		<pose>Unspecified</pose>
		<truncated>0</truncated>
		<difficult>0</difficult>
		<bndbox>
			<xmax>163</xmax>
			<xmin>135</xmin>
			<ymax>175</ymax>
			<ymin>139</ymin>
		</bndbox>
	</object>
	<object>
		<name>4</name>
		<pose>Unspecified</pose>
		<truncated>0</truncated>
		<difficult>0</difficult>
		<bndbox>
			<xmax>206</xmax>
			<xmin>177</xmin>
			<ymax>175</ymax>
			<ymin>139</ymin>
		</bndbox>
	</object>
	<object>
		<name>5</name>
		<pose>Unspecified</pose>
		<truncated>0</truncated>
		<difficult>0</difficult>
		<bndbox>
			<xmax>248</xmax>
			<xmin>218</xmin>
			<ymax>180</ymax>
			<ymin>142</ymin>
		</bndbox>
	</object>
	<object>
		<name>7</name>
		<pose>Unspecified</pose>
		<truncated>0</truncated>
		<difficult>0</difficult>
		<bndbox>
			<xmax>286</xmax>
			<xmin>262</xmin>
			<ymax>181</ymax>
			<ymin>145</ymin>
		</bndbox>
	</object>
	<object>
		<name>4</name>
		<pose>Unspecified</pose>
		<truncated>0</truncated>
		<difficult>0</difficult>
		<bndbox>
			<xmax>329</xmax>
			<xmin>302</xmin>
			<ymax>181</ymax>
			<ymin>147</ymin>
		</bndbox>
	</object>
	<object>
		<name>9</name>
		<pose>Unspecified</pose>
		<truncated>0</truncated>
		<difficult>0</difficult>
		<bndbox>
			<xmax>369</xmax>
			<xmin>343</xmin>
			<ymax>185</ymax>
			<ymin>150</ymin>
		</bndbox>
	</object>
</annotation>