<annotation>
	<folder>VOC2010</folder>
	<filename>00882400345092_0.jpg</filename>
	<source>
		<database>DICOM VOC2010 compatible Annotation Database</database>
		<annotation>Department of Computer Science and Communication</annotation>
		<image>University of Insubria</image>
	</source>
	<size>
		<width>640</width>
		<height>480</height>
		<depth>3</depth>
	</size>
	<segmented>1</segmented>
	<object>
		<name>0</name>
		<pose>Unspecified</pose>
		<truncated>0</truncated>
		<difficult>0</difficult>
		<bndbox>
			<xmax>164</xmax>
			<xmin>127</xmin>
			<ymax>164</ymax>
			<ymin>121</ymin>
		</bndbox>
	</object>
	<object>
		<name>7</name>
		<pose>Unspecified</pose>
		<truncated>0</truncated>
		<difficult>0</difficult>
		<bndbox>
			<xmax>193</xmax>
			<xmin>166</xmin>
			<ymax>163</ymax>
			<ymin>122</ymin>
		</bndbox>
	</object>
	<object>
		<name>5</name>
		<pose>Unspecified</pose>
		<truncated>0</truncated>
		<difficult>0</difficult>
		<bndbox>
			<xmax>234</xmax>
			<xmin>199</xmin>
			<ymax>162</ymax>
			<ymin>125</ymin>
		</bndbox>
	</object>
	<object>
		<name>3</name>
		<pose>Unspecified</pose>
		<truncated>0</truncated>
		<difficult>0</difficult>
		<bndbox>
			<xmax>267</xmax>
			<xmin>239</xmin>
			<ymax>165</ymax>
			<ymin>124</ymin>
		</bndbox>
	</object>
	<object>
		<name>6</name>
		<pose>Unspecified</pose>
		<truncated>0</truncated>
		<difficult>0</difficult>
		<bndbox>
			<xmax>303</xmax>
			<xmin>271</xmin>
			<ymax>163</ymax>
			<ymin>124</ymin>
		</bndbox>
	</object>
	<object>
		<name>3</name>
		<pose>Unspecified</pose>
		<truncated>0</truncated>
		<difficult>0</difficult>
		<bndbox>
			<xmax>338</xmax>
			<xmin>312</xmin>
			<ymax>167</ymax>
			<ymin>129</ymin>
		</bndbox>
	</object>
	<object>
		<name>0</name>
		<pose>Unspecified</pose>
		<truncated>0</truncated>
		<difficult>0</difficult>
		<bndbox>
			<xmax>372</xmax>
			<xmin>346</xmin>
			<ymax>162</ymax>
			<ymin>131</ymin>
		</bndbox>
	</object>
	<object>
		<name>4</name>
		<pose>Unspecified</pose>
		<truncated>0</truncated>
		<difficult>0</difficult>
		<bndbox>
			<xmax>408</xmax>
			<xmin>380</xmin>
			<ymax>164</ymax>
			<ymin>131</ymin>
		</bndbox>
	</object>
</annotation>