<annotation>
	<folder>VOC2010</folder>
	<filename>00882400703738_0.jpg</filename>
	<source>
		<database>DICOM VOC2010 compatible Annotation Database</database>
		<annotation>Department of Computer Science and Communication</annotation>
		<image>University of Insubria</image>
	</source>
	<size>
		<width>640</width>
		<height>480</height>
		<depth>3</depth>
	</size>
	<segmented>1</segmented>
	<object>
		<name>0</name>
		<pose>Unspecified</pose>
		<truncated>0</truncated>
		<difficult>0</difficult>
		<bndbox>
			<xmax>113</xmax>
			<xmin>74</xmin>
			<ymax>229</ymax>
			<ymin>194</ymin>
		</bndbox>
	</object>
	<object>
		<name>0</name>
		<pose>Unspecified</pose>
		<truncated>0</truncated>
		<difficult>0</difficult>
		<bndbox>
			<xmax>154</xmax>
			<xmin>118</xmin>
			<ymax>228</ymax>
			<ymin>191</ymin>
		</bndbox>
	</object>
	<object>
		<name>8</name>
		<pose>Unspecified</pose>
		<truncated>0</truncated>
		<difficult>0</difficult>
		<bndbox>
			<xmax>197</xmax>
			<xmin>159</xmin>
			<ymax>228</ymax>
			<ymin>191</ymin>
		</bndbox>
	</object>
	<object>
		<name>6</name>
		<pose>Unspecified</pose>
		<truncated>0</truncated>
		<difficult>0</difficult>
		<bndbox>
			<xmax>242</xmax>
			<xmin>201</xmin>
			<ymax>229</ymax>
			<ymin>191</ymin>
		</bndbox>
	</object>
	<object>
		<name>4</name>
		<pose>Unspecified</pose>
		<truncated>0</truncated>
		<difficult>0</difficult>
		<bndbox>
			<xmax>280</xmax>
			<xmin>248</xmin>
			<ymax>229</ymax>
			<ymin>192</ymin>
		</bndbox>
	</object>
	<object>
		<name>2</name>
		<pose>Unspecified</pose>
		<truncated>0</truncated>
		<difficult>0</difficult>
		<bndbox>
			<xmax>323</xmax>
			<xmin>292</xmin>
			<ymax>227</ymax>
			<ymin>191</ymin>
		</bndbox>
	</object>
	<object>
		<name>3</name>
		<pose>Unspecified</pose>
		<truncated>0</truncated>
		<difficult>0</difficult>
		<bndbox>
			<xmax>363</xmax>
			<xmin>331</xmin>
			<ymax>225</ymax>
			<ymin>190</ymin>
		</bndbox>
	</object>
	<object>
		<name>7</name>
		<pose>Unspecified</pose>
		<truncated>0</truncated>
		<difficult>0</difficult>
		<bndbox>
			<xmax>409</xmax>
			<xmin>371</xmin>
			<ymax>226</ymax>
			<ymin>189</ymin>
		</bndbox>
	</object>
</annotation>