<annotation>
	<folder>VOC2010</folder>
	<filename>00882400366726_0.jpg</filename>
	<source>
		<database>DICOM VOC2010 compatible Annotation Database</database>
		<annotation>Department of Computer Science and Communication</annotation>
		<image>University of Insubria</image>
	</source>
	<size>
		<width>640</width>
		<height>480</height>
		<depth>3</depth>
	</size>
	<segmented>1</segmented>
	<object>
		<name>1</name>
		<pose>Unspecified</pose>
		<truncated>0</truncated>
		<difficult>0</difficult>
		<bndbox>
			<xmax>42</xmax>
			<xmin>17</xmin>
			<ymax>207</ymax>
			<ymin>170</ymin>
		</bndbox>
	</object>
	<object>
		<name>0</name>
		<pose>Unspecified</pose>
		<truncated>0</truncated>
		<difficult>0</difficult>
		<bndbox>
			<xmax>74</xmax>
			<xmin>45</xmin>
			<ymax>208</ymax>
			<ymin>170</ymin>
		</bndbox>
	</object>
	<object>
		<name>0</name>
		<pose>Unspecified</pose>
		<truncated>0</truncated>
		<difficult>0</difficult>
		<bndbox>
			<xmax>108</xmax>
			<xmin>75</xmin>
			<ymax>216</ymax>
			<ymin>169</ymin>
		</bndbox>
	</object>
	<object>
		<name>1</name>
		<pose>Unspecified</pose>
		<truncated>0</truncated>
		<difficult>0</difficult>
		<bndbox>
			<xmax>140</xmax>
			<xmin>111</xmin>
			<ymax>217</ymax>
			<ymin>166</ymin>
		</bndbox>
	</object>
	<object>
		<name>0</name>
		<pose>Unspecified</pose>
		<truncated>0</truncated>
		<difficult>0</difficult>
		<bndbox>
			<xmax>177</xmax>
			<xmin>143</xmin>
			<ymax>222</ymax>
			<ymin>171</ymin>
		</bndbox>
	</object>
	<object>
		<name>6</name>
		<pose>Unspecified</pose>
		<truncated>0</truncated>
		<difficult>0</difficult>
		<bndbox>
			<xmax>221</xmax>
			<xmin>187</xmin>
			<ymax>226</ymax>
			<ymin>178</ymin>
		</bndbox>
	</object>
	<object>
		<name>6</name>
		<pose>Unspecified</pose>
		<truncated>0</truncated>
		<difficult>0</difficult>
		<bndbox>
			<xmax>262</xmax>
			<xmin>229</xmin>
			<ymax>230</ymax>
			<ymin>181</ymin>
		</bndbox>
	</object>
	<object>
		<name>3</name>
		<pose>Unspecified</pose>
		<truncated>0</truncated>
		<difficult>0</difficult>
		<bndbox>
			<xmax>310</xmax>
			<xmin>271</xmin>
			<ymax>230</ymax>
			<ymin>182</ymin>
		</bndbox>
	</object>
</annotation>