<annotation>
	<folder>VOC2010</folder>
	<filename>00882401021548_0.jpg</filename>
	<source>
		<database>DICOM VOC2010 compatible Annotation Database</database>
		<annotation>Department of Computer Science and Communication</annotation>
		<image>University of Insubria</image>
	</source>
	<size>
		<width>640</width>
		<height>480</height>
		<depth>3</depth>
	</size>
	<segmented>1</segmented>
	<object>
		<name>2</name>
		<pose>Unspecified</pose>
		<truncated>0</truncated>
		<difficult>0</difficult>
		<bndbox>
			<xmax>148</xmax>
			<xmin>101</xmin>
			<ymax>118</ymax>
			<ymin>67</ymin>
		</bndbox>
	</object>
	<object>
		<name>1</name>
		<pose>Unspecified</pose>
		<truncated>0</truncated>
		<difficult>0</difficult>
		<bndbox>
			<xmax>203</xmax>
			<xmin>158</xmin>
			<ymax>125</ymax>
			<ymin>69</ymin>
		</bndbox>
	</object>
	<object>
		<name>6</name>
		<pose>Unspecified</pose>
		<truncated>0</truncated>
		<difficult>0</difficult>
		<bndbox>
			<xmax>260</xmax>
			<xmin>210</xmin>
			<ymax>134</ymax>
			<ymin>72</ymin>
		</bndbox>
	</object>
	<object>
		<name>7</name>
		<pose>Unspecified</pose>
		<truncated>0</truncated>
		<difficult>0</difficult>
		<bndbox>
			<xmax>316</xmax>
			<xmin>261</xmin>
			<ymax>135</ymax>
			<ymin>78</ymin>
		</bndbox>
	</object>
	<object>
		<name>8</name>
		<pose>Unspecified</pose>
		<truncated>0</truncated>
		<difficult>0</difficult>
		<bndbox>
			<xmax>363</xmax>
			<xmin>327</xmin>
			<ymax>138</ymax>
			<ymin>83</ymin>
		</bndbox>
	</object>
	<object>
		<name>3</name>
		<pose>Unspecified</pose>
		<truncated>0</truncated>
		<difficult>0</difficult>
		<bndbox>
			<xmax>417</xmax>
			<xmin>383</xmin>
			<ymax>143</ymax>
			<ymin>84</ymin>
		</bndbox>
	</object>
	<object>
		<name>9</name>
		<pose>Unspecified</pose>
		<truncated>0</truncated>
		<difficult>0</difficult>
		<bndbox>
			<xmax>483</xmax>
			<xmin>435</xmin>
			<ymax>143</ymax>
			<ymin>90</ymin>
		</bndbox>
	</object>
	<object>
		<name>0</name>
		<pose>Unspecified</pose>
		<truncated>0</truncated>
		<difficult>0</difficult>
		<bndbox>
			<xmax>538</xmax>
			<xmin>491</xmin>
			<ymax>141</ymax>
			<ymin>96</ymin>
		</bndbox>
	</object>
</annotation>