<annotation>
	<folder>VOC2010</folder>
	<filename>00882400757746_0.jpg</filename>
	<source>
		<database>DICOM VOC2010 compatible Annotation Database</database>
		<annotation>Department of Computer Science and Communication</annotation>
		<image>University of Insubria</image>
	</source>
	<size>
		<width>640</width>
		<height>480</height>
		<depth>3</depth>
	</size>
	<segmented>1</segmented>
	<object>
		<name>1</name>
		<pose>Unspecified</pose>
		<truncated>0</truncated>
		<difficult>0</difficult>
		<bndbox>
			<xmax>147</xmax>
			<xmin>117</xmin>
			<ymax>204</ymax>
			<ymin>168</ymin>
		</bndbox>
	</object>
	<object>
		<name>9</name>
		<pose>Unspecified</pose>
		<truncated>0</truncated>
		<difficult>0</difficult>
		<bndbox>
			<xmax>183</xmax>
			<xmin>151</xmin>
			<ymax>202</ymax>
			<ymin>162</ymin>
		</bndbox>
	</object>
	<object>
		<name>0</name>
		<pose>Unspecified</pose>
		<truncated>0</truncated>
		<difficult>0</difficult>
		<bndbox>
			<xmax>222</xmax>
			<xmin>192</xmin>
			<ymax>205</ymax>
			<ymin>168</ymin>
		</bndbox>
	</object>
	<object>
		<name>5</name>
		<pose>Unspecified</pose>
		<truncated>0</truncated>
		<difficult>0</difficult>
		<bndbox>
			<xmax>263</xmax>
			<xmin>228</xmin>
			<ymax>205</ymax>
			<ymin>165</ymin>
		</bndbox>
	</object>
	<object>
		<name>4</name>
		<pose>Unspecified</pose>
		<truncated>0</truncated>
		<difficult>0</difficult>
		<bndbox>
			<xmax>298</xmax>
			<xmin>269</xmin>
			<ymax>205</ymax>
			<ymin>166</ymin>
		</bndbox>
	</object>
	<object>
		<name>3</name>
		<pose>Unspecified</pose>
		<truncated>0</truncated>
		<difficult>0</difficult>
		<bndbox>
			<xmax>336</xmax>
			<xmin>306</xmin>
			<ymax>204</ymax>
			<ymin>170</ymin>
		</bndbox>
	</object>
	<object>
		<name>9</name>
		<pose>Unspecified</pose>
		<truncated>0</truncated>
		<difficult>0</difficult>
		<bndbox>
			<xmax>371</xmax>
			<xmin>344</xmin>
			<ymax>207</ymax>
			<ymin>167</ymin>
		</bndbox>
	</object>
	<object>
		<name>9</name>
		<pose>Unspecified</pose>
		<truncated>0</truncated>
		<difficult>0</difficult>
		<bndbox>
			<xmax>413</xmax>
			<xmin>375</xmin>
			<ymax>208</ymax>
			<ymin>169</ymin>
		</bndbox>
	</object>
</annotation>