<annotation>
	<folder>VOC2010</folder>
	<filename>00883201359449_0.jpg</filename>
	<source>
		<database>DICOM VOC2010 compatible Annotation Database</database>
		<annotation>Department of Computer Science and Communication</annotation>
		<image>University of Insubria</image>
	</source>
	<size>
		<width>640</width>
		<height>480</height>
		<depth>3</depth>
	</size>
	<segmented>1</segmented>
	<object>
		<name>3</name>
		<pose>Unspecified</pose>
		<truncated>0</truncated>
		<difficult>0</difficult>
		<bndbox>
			<xmax>79</xmax>
			<xmin>47</xmin>
			<ymax>192</ymax>
			<ymin>153</ymin>
		</bndbox>
	</object>
	<object>
		<name>1</name>
		<pose>Unspecified</pose>
		<truncated>0</truncated>
		<difficult>0</difficult>
		<bndbox>
			<xmax>120</xmax>
			<xmin>94</xmin>
			<ymax>193</ymax>
			<ymin>156</ymin>
		</bndbox>
	</object>
	<object>
		<name>9</name>
		<pose>Unspecified</pose>
		<truncated>0</truncated>
		<difficult>0</difficult>
		<bndbox>
			<xmax>162</xmax>
			<xmin>137</xmin>
			<ymax>195</ymax>
			<ymin>155</ymin>
		</bndbox>
	</object>
	<object>
		<name>1</name>
		<pose>Unspecified</pose>
		<truncated>0</truncated>
		<difficult>0</difficult>
		<bndbox>
			<xmax>205</xmax>
			<xmin>177</xmin>
			<ymax>195</ymax>
			<ymin>156</ymin>
		</bndbox>
	</object>
	<object>
		<name>4</name>
		<pose>Unspecified</pose>
		<truncated>0</truncated>
		<difficult>0</difficult>
		<bndbox>
			<xmax>248</xmax>
			<xmin>224</xmin>
			<ymax>191</ymax>
			<ymin>153</ymin>
		</bndbox>
	</object>
	<object>
		<name>2</name>
		<pose>Unspecified</pose>
		<truncated>0</truncated>
		<difficult>0</difficult>
		<bndbox>
			<xmax>294</xmax>
			<xmin>264</xmin>
			<ymax>198</ymax>
			<ymin>155</ymin>
		</bndbox>
	</object>
	<object>
		<name>1</name>
		<pose>Unspecified</pose>
		<truncated>0</truncated>
		<difficult>0</difficult>
		<bndbox>
			<xmax>330</xmax>
			<xmin>309</xmin>
			<ymax>200</ymax>
			<ymin>157</ymin>
		</bndbox>
	</object>
	<object>
		<name>1</name>
		<pose>Unspecified</pose>
		<truncated>0</truncated>
		<difficult>0</difficult>
		<bndbox>
			<xmax>377</xmax>
			<xmin>353</xmin>
			<ymax>196</ymax>
			<ymin>157</ymin>
		</bndbox>
	</object>
</annotation>