<annotation>
	<folder>VOC2010</folder>
	<filename>00882401241258_0.jpg</filename>
	<source>
		<database>DICOM VOC2010 compatible Annotation Database</database>
		<annotation>Department of Computer Science and Communication</annotation>
		<image>University of Insubria</image>
	</source>
	<size>
		<width>640</width>
		<height>480</height>
		<depth>3</depth>
	</size>
	<segmented>1</segmented>
	<object>
		<name>0</name>
		<pose>Unspecified</pose>
		<truncated>0</truncated>
		<difficult>0</difficult>
		<bndbox>
			<xmax>109</xmax>
			<xmin>59</xmin>
			<ymax>278</ymax>
			<ymin>227</ymin>
		</bndbox>
	</object>
	<object>
		<name>0</name>
		<pose>Unspecified</pose>
		<truncated>0</truncated>
		<difficult>0</difficult>
		<bndbox>
			<xmax>168</xmax>
			<xmin>116</xmin>
			<ymax>278</ymax>
			<ymin>221</ymin>
		</bndbox>
	</object>
	<object>
		<name>2</name>
		<pose>Unspecified</pose>
		<truncated>0</truncated>
		<difficult>0</difficult>
		<bndbox>
			<xmax>229</xmax>
			<xmin>181</xmin>
			<ymax>276</ymax>
			<ymin>227</ymin>
		</bndbox>
	</object>
	<object>
		<name>4</name>
		<pose>Unspecified</pose>
		<truncated>0</truncated>
		<difficult>0</difficult>
		<bndbox>
			<xmax>291</xmax>
			<xmin>238</xmin>
			<ymax>281</ymax>
			<ymin>225</ymin>
		</bndbox>
	</object>
	<object>
		<name>5</name>
		<pose>Unspecified</pose>
		<truncated>0</truncated>
		<difficult>0</difficult>
		<bndbox>
			<xmax>349</xmax>
			<xmin>301</xmin>
			<ymax>282</ymax>
			<ymin>227</ymin>
		</bndbox>
	</object>
	<object>
		<name>1</name>
		<pose>Unspecified</pose>
		<truncated>0</truncated>
		<difficult>0</difficult>
		<bndbox>
			<xmax>417</xmax>
			<xmin>369</xmin>
			<ymax>282</ymax>
			<ymin>230</ymin>
		</bndbox>
	</object>
	<object>
		<name>0</name>
		<pose>Unspecified</pose>
		<truncated>0</truncated>
		<difficult>0</difficult>
		<bndbox>
			<xmax>478</xmax>
			<xmin>427</xmin>
			<ymax>283</ymax>
			<ymin>229</ymin>
		</bndbox>
	</object>
</annotation>