<annotation>
	<folder>VOC2010</folder>
	<filename>00883201351313_0.jpg</filename>
	<source>
		<database>DICOM VOC2010 compatible Annotation Database</database>
		<annotation>Department of Computer Science and Communication</annotation>
		<image>University of Insubria</image>
	</source>
	<size>
		<width>640</width>
		<height>480</height>
		<depth>3</depth>
	</size>
	<segmented>1</segmented>
	<object>
		<name>1</name>
		<pose>Unspecified</pose>
		<truncated>0</truncated>
		<difficult>0</difficult>
		<bndbox>
			<xmax>154</xmax>
			<xmin>123</xmin>
			<ymax>232</ymax>
			<ymin>184</ymin>
		</bndbox>
	</object>
	<object>
		<name>5</name>
		<pose>Unspecified</pose>
		<truncated>0</truncated>
		<difficult>0</difficult>
		<bndbox>
			<xmax>211</xmax>
			<xmin>177</xmin>
			<ymax>233</ymax>
			<ymin>185</ymin>
		</bndbox>
	</object>
	<object>
		<name>0</name>
		<pose>Unspecified</pose>
		<truncated>0</truncated>
		<difficult>0</difficult>
		<bndbox>
			<xmax>267</xmax>
			<xmin>232</xmin>
			<ymax>226</ymax>
			<ymin>187</ymin>
		</bndbox>
	</object>
	<object>
		<name>0</name>
		<pose>Unspecified</pose>
		<truncated>0</truncated>
		<difficult>0</difficult>
		<bndbox>
			<xmax>321</xmax>
			<xmin>288</xmin>
			<ymax>230</ymax>
			<ymin>187</ymin>
		</bndbox>
	</object>
	<object>
		<name>8</name>
		<pose>Unspecified</pose>
		<truncated>0</truncated>
		<difficult>0</difficult>
		<bndbox>
			<xmax>378</xmax>
			<xmin>344</xmin>
			<ymax>233</ymax>
			<ymin>184</ymin>
		</bndbox>
	</object>
	<object>
		<name>8</name>
		<pose>Unspecified</pose>
		<truncated>0</truncated>
		<difficult>0</difficult>
		<bndbox>
			<xmax>488</xmax>
			<xmin>456</xmin>
			<ymax>235</ymax>
			<ymin>186</ymin>
		</bndbox>
	</object>
	<object>
		<name>4</name>
		<pose>Unspecified</pose>
		<truncated>0</truncated>
		<difficult>0</difficult>
		<bndbox>
			<xmax>549</xmax>
			<xmin>512</xmin>
			<ymax>233</ymax>
			<ymin>186</ymin>
		</bndbox>
	</object>
	<object>
		<name>4</name>
		<pose>Unspecified</pose>
		<truncated>0</truncated>
		<difficult>0</difficult>
		<bndbox>
			<xmax>434</xmax>
			<xmin>402</xmin>
			<ymax>232</ymax>
			<ymin>186</ymin>
		</bndbox>
	</object>
</annotation>