<annotation>
	<folder>VOC2010</folder>
	<filename>00882400318057_0.jpg</filename>
	<source>
		<database>DICOM VOC2010 compatible Annotation Database</database>
		<annotation>Department of Computer Science and Communication</annotation>
		<image>University of Insubria</image>
	</source>
	<size>
		<width>640</width>
		<height>480</height>
		<depth>3</depth>
	</size>
	<segmented>1</segmented>
	<object>
		<name>0</name>
		<pose>Unspecified</pose>
		<truncated>0</truncated>
		<difficult>0</difficult>
		<bndbox>
			<xmax>155</xmax>
			<xmin>129</xmin>
			<ymax>252</ymax>
			<ymin>226</ymin>
		</bndbox>
	</object>
	<object>
		<name>0</name>
		<pose>Unspecified</pose>
		<truncated>0</truncated>
		<difficult>0</difficult>
		<bndbox>
			<xmax>186</xmax>
			<xmin>160</xmin>
			<ymax>253</ymax>
			<ymin>220</ymin>
		</bndbox>
	</object>
	<object>
		<name>1</name>
		<pose>Unspecified</pose>
		<truncated>0</truncated>
		<difficult>0</difficult>
		<bndbox>
			<xmax>212</xmax>
			<xmin>189</xmin>
			<ymax>253</ymax>
			<ymin>219</ymin>
		</bndbox>
	</object>
	<object>
		<name>0</name>
		<pose>Unspecified</pose>
		<truncated>0</truncated>
		<difficult>0</difficult>
		<bndbox>
			<xmax>242</xmax>
			<xmin>219</xmin>
			<ymax>251</ymax>
			<ymin>221</ymin>
		</bndbox>
	</object>
	<object>
		<name>4</name>
		<pose>Unspecified</pose>
		<truncated>0</truncated>
		<difficult>0</difficult>
		<bndbox>
			<xmax>269</xmax>
			<xmin>246</xmin>
			<ymax>250</ymax>
			<ymin>220</ymin>
		</bndbox>
	</object>
	<object>
		<name>0</name>
		<pose>Unspecified</pose>
		<truncated>0</truncated>
		<difficult>0</difficult>
		<bndbox>
			<xmax>299</xmax>
			<xmin>278</xmin>
			<ymax>251</ymax>
			<ymin>225</ymin>
		</bndbox>
	</object>
	<object>
		<name>2</name>
		<pose>Unspecified</pose>
		<truncated>0</truncated>
		<difficult>0</difficult>
		<bndbox>
			<xmax>326</xmax>
			<xmin>304</xmin>
			<ymax>252</ymax>
			<ymin>229</ymin>
		</bndbox>
	</object>
	<object>
		<name>4</name>
		<pose>Unspecified</pose>
		<truncated>0</truncated>
		<difficult>0</difficult>
		<bndbox>
			<xmax>353</xmax>
			<xmin>331</xmin>
			<ymax>254</ymax>
			<ymin>233</ymin>
		</bndbox>
	</object>
</annotation>