<annotation>
	<folder>VOC2010</folder>
	<filename>00883201374869_0.jpg</filename>
	<source>
		<database>DICOM VOC2010 compatible Annotation Database</database>
		<annotation>Department of Computer Science and Communication</annotation>
		<image>University of Insubria</image>
	</source>
	<size>
		<width>640</width>
		<height>480</height>
		<depth>3</depth>
	</size>
	<segmented>1</segmented>
	<object>
		<name>1</name>
		<pose>Unspecified</pose>
		<truncated>0</truncated>
		<difficult>0</difficult>
		<bndbox>
			<xmax>125</xmax>
			<xmin>107</xmin>
			<ymax>224</ymax>
			<ymin>192</ymin>
		</bndbox>
	</object>
	<object>
		<name>4</name>
		<pose>Unspecified</pose>
		<truncated>0</truncated>
		<difficult>0</difficult>
		<bndbox>
			<xmax>167</xmax>
			<xmin>141</xmin>
			<ymax>227</ymax>
			<ymin>192</ymin>
		</bndbox>
	</object>
	<object>
		<name>3</name>
		<pose>Unspecified</pose>
		<truncated>0</truncated>
		<difficult>0</difficult>
		<bndbox>
			<xmax>205</xmax>
			<xmin>179</xmin>
			<ymax>228</ymax>
			<ymin>194</ymin>
		</bndbox>
	</object>
	<object>
		<name>1</name>
		<pose>Unspecified</pose>
		<truncated>0</truncated>
		<difficult>0</difficult>
		<bndbox>
			<xmax>238</xmax>
			<xmin>217</xmin>
			<ymax>230</ymax>
			<ymin>195</ymin>
		</bndbox>
	</object>
	<object>
		<name>7</name>
		<pose>Unspecified</pose>
		<truncated>0</truncated>
		<difficult>0</difficult>
		<bndbox>
			<xmax>278</xmax>
			<xmin>251</xmin>
			<ymax>231</ymax>
			<ymin>196</ymin>
		</bndbox>
	</object>
	<object>
		<name>2</name>
		<pose>Unspecified</pose>
		<truncated>0</truncated>
		<difficult>0</difficult>
		<bndbox>
			<xmax>313</xmax>
			<xmin>287</xmin>
			<ymax>233</ymax>
			<ymin>201</ymin>
		</bndbox>
	</object>
	<object>
		<name>5</name>
		<pose>Unspecified</pose>
		<truncated>0</truncated>
		<difficult>0</difficult>
		<bndbox>
			<xmax>353</xmax>
			<xmin>327</xmin>
			<ymax>236</ymax>
			<ymin>200</ymin>
		</bndbox>
	</object>
	<object>
		<name>8</name>
		<pose>Unspecified</pose>
		<truncated>0</truncated>
		<difficult>0</difficult>
		<bndbox>
			<xmax>389</xmax>
			<xmin>362</xmin>
			<ymax>237</ymax>
			<ymin>204</ymin>
		</bndbox>
	</object>
</annotation>