<annotation>
	<folder>VOC2010</folder>
	<filename>00883201371600_0.jpg</filename>
	<source>
		<database>DICOM VOC2010 compatible Annotation Database</database>
		<annotation>Department of Computer Science and Communication</annotation>
		<image>University of Insubria</image>
	</source>
	<size>
		<width>640</width>
		<height>480</height>
		<depth>3</depth>
	</size>
	<segmented>1</segmented>
	<object>
		<name>0</name>
		<pose>Unspecified</pose>
		<truncated>0</truncated>
		<difficult>0</difficult>
		<bndbox>
			<xmax>159</xmax>
			<xmin>115</xmin>
			<ymax>218</ymax>
			<ymin>181</ymin>
		</bndbox>
	</object>
	<object>
		<name>0</name>
		<pose>Unspecified</pose>
		<truncated>0</truncated>
		<difficult>0</difficult>
		<bndbox>
			<xmax>213</xmax>
			<xmin>171</xmin>
			<ymax>225</ymax>
			<ymin>183</ymin>
		</bndbox>
	</object>
	<object>
		<name>4</name>
		<pose>Unspecified</pose>
		<truncated>0</truncated>
		<difficult>0</difficult>
		<bndbox>
			<xmax>266</xmax>
			<xmin>231</xmin>
			<ymax>228</ymax>
			<ymin>187</ymin>
		</bndbox>
	</object>
	<object>
		<name>8</name>
		<pose>Unspecified</pose>
		<truncated>0</truncated>
		<difficult>0</difficult>
		<bndbox>
			<xmax>325</xmax>
			<xmin>281</xmin>
			<ymax>233</ymax>
			<ymin>190</ymin>
		</bndbox>
	</object>
	<object>
		<name>4</name>
		<pose>Unspecified</pose>
		<truncated>0</truncated>
		<difficult>0</difficult>
		<bndbox>
			<xmax>378</xmax>
			<xmin>344</xmin>
			<ymax>237</ymax>
			<ymin>196</ymin>
		</bndbox>
	</object>
	<object>
		<name>5</name>
		<pose>Unspecified</pose>
		<truncated>0</truncated>
		<difficult>0</difficult>
		<bndbox>
			<xmax>437</xmax>
			<xmin>395</xmin>
			<ymax>242</ymax>
			<ymin>195</ymin>
		</bndbox>
	</object>
	<object>
		<name>4</name>
		<pose>Unspecified</pose>
		<truncated>0</truncated>
		<difficult>0</difficult>
		<bndbox>
			<xmax>496</xmax>
			<xmin>451</xmin>
			<ymax>241</ymax>
			<ymin>200</ymin>
		</bndbox>
	</object>
	<object>
		<name>5</name>
		<pose>Unspecified</pose>
		<truncated>0</truncated>
		<difficult>0</difficult>
		<bndbox>
			<xmax>548</xmax>
			<xmin>501</xmin>
			<ymax>251</ymax>
			<ymin>205</ymin>
		</bndbox>
	</object>
</annotation>