<annotation>
	<folder>VOC2010</folder>
	<filename>00882400952133_0.jpg</filename>
	<source>
		<database>DICOM VOC2010 compatible Annotation Database</database>
		<annotation>Department of Computer Science and Communication</annotation>
		<image>University of Insubria</image>
	</source>
	<size>
		<width>640</width>
		<height>480</height>
		<depth>3</depth>
	</size>
	<segmented>1</segmented>
	<object>
		<name>0</name>
		<pose>Unspecified</pose>
		<truncated>0</truncated>
		<difficult>0</difficult>
		<bndbox>
			<xmax>120</xmax>
			<xmin>86</xmin>
			<ymax>216</ymax>
			<ymin>178</ymin>
		</bndbox>
	</object>
	<object>
		<name>0</name>
		<pose>Unspecified</pose>
		<truncated>0</truncated>
		<difficult>0</difficult>
		<bndbox>
			<xmax>159</xmax>
			<xmin>124</xmin>
			<ymax>214</ymax>
			<ymin>178</ymin>
		</bndbox>
	</object>
	<object>
		<name>2</name>
		<pose>Unspecified</pose>
		<truncated>0</truncated>
		<difficult>0</difficult>
		<bndbox>
			<xmax>199</xmax>
			<xmin>163</xmin>
			<ymax>213</ymax>
			<ymin>183</ymin>
		</bndbox>
	</object>
	<object>
		<name>4</name>
		<pose>Unspecified</pose>
		<truncated>0</truncated>
		<difficult>0</difficult>
		<bndbox>
			<xmax>235</xmax>
			<xmin>204</xmin>
			<ymax>223</ymax>
			<ymin>184</ymin>
		</bndbox>
	</object>
	<object>
		<name>0</name>
		<pose>Unspecified</pose>
		<truncated>0</truncated>
		<difficult>0</difficult>
		<bndbox>
			<xmax>277</xmax>
			<xmin>240</xmin>
			<ymax>223</ymax>
			<ymin>187</ymin>
		</bndbox>
	</object>
	<object>
		<name>0</name>
		<pose>Unspecified</pose>
		<truncated>0</truncated>
		<difficult>0</difficult>
		<bndbox>
			<xmax>315</xmax>
			<xmin>283</xmin>
			<ymax>225</ymax>
			<ymin>186</ymin>
		</bndbox>
	</object>
	<object>
		<name>9</name>
		<pose>Unspecified</pose>
		<truncated>0</truncated>
		<difficult>0</difficult>
		<bndbox>
			<xmax>355</xmax>
			<xmin>324</xmin>
			<ymax>226</ymax>
			<ymin>189</ymin>
		</bndbox>
	</object>
	<object>
		<name>0</name>
		<pose>Unspecified</pose>
		<truncated>0</truncated>
		<difficult>0</difficult>
		<bndbox>
			<xmax>400</xmax>
			<xmin>361</xmin>
			<ymax>230</ymax>
			<ymin>188</ymin>
		</bndbox>
	</object>
</annotation>