<annotation>
	<folder>VOC2010</folder>
	<filename>00883201349424_0.jpg</filename>
	<source>
		<database>DICOM VOC2010 compatible Annotation Database</database>
		<annotation>Department of Computer Science and Communication</annotation>
		<image>University of Insubria</image>
	</source>
	<size>
		<width>640</width>
		<height>480</height>
		<depth>3</depth>
	</size>
	<segmented>1</segmented>
	<object>
		<name>2</name>
		<pose>Unspecified</pose>
		<truncated>0</truncated>
		<difficult>0</difficult>
		<bndbox>
			<xmax>187</xmax>
			<xmin>124</xmin>
			<ymax>213</ymax>
			<ymin>156</ymin>
		</bndbox>
	</object>
	<object>
		<name>0</name>
		<pose>Unspecified</pose>
		<truncated>0</truncated>
		<difficult>0</difficult>
		<bndbox>
			<xmax>252</xmax>
			<xmin>203</xmin>
			<ymax>219</ymax>
			<ymin>159</ymin>
		</bndbox>
	</object>
	<object>
		<name>0</name>
		<pose>Unspecified</pose>
		<truncated>0</truncated>
		<difficult>0</difficult>
		<bndbox>
			<xmax>324</xmax>
			<xmin>274</xmin>
			<ymax>220</ymax>
			<ymin>161</ymin>
		</bndbox>
	</object>
	<object>
		<name>8</name>
		<pose>Unspecified</pose>
		<truncated>0</truncated>
		<difficult>0</difficult>
		<bndbox>
			<xmax>401</xmax>
			<xmin>346</xmin>
			<ymax>225</ymax>
			<ymin>161</ymin>
		</bndbox>
	</object>
	<object>
		<name>4</name>
		<pose>Unspecified</pose>
		<truncated>0</truncated>
		<difficult>0</difficult>
		<bndbox>
			<xmax>462</xmax>
			<xmin>414</xmin>
			<ymax>225</ymax>
			<ymin>166</ymin>
		</bndbox>
	</object>
	<object>
		<name>7</name>
		<pose>Unspecified</pose>
		<truncated>0</truncated>
		<difficult>0</difficult>
		<bndbox>
			<xmax>541</xmax>
			<xmin>493</xmin>
			<ymax>227</ymax>
			<ymin>168</ymin>
		</bndbox>
	</object>
	<object>
		<name>9</name>
		<pose>Unspecified</pose>
		<truncated>0</truncated>
		<difficult>0</difficult>
		<bndbox>
			<xmax>608</xmax>
			<xmin>568</xmin>
			<ymax>229</ymax>
			<ymin>173</ymin>
		</bndbox>
	</object>
</annotation>