<annotation>
	<folder>VOC2010</folder>
	<filename>00882400870668_0.jpg</filename>
	<source>
		<database>DICOM VOC2010 compatible Annotation Database</database>
		<annotation>Department of Computer Science and Communication</annotation>
		<image>University of Insubria</image>
	</source>
	<size>
		<width>600</width>
		<height>800</height>
		<depth>3</depth>
	</size>
	<segmented>1</segmented>
	<object>
		<name>1</name>
		<pose>Unspecified</pose>
		<truncated>0</truncated>
		<difficult>0</difficult>
		<bndbox>
			<xmax>141</xmax>
			<xmin>105</xmin>
			<ymax>473</ymax>
			<ymin>416</ymin>
		</bndbox>
	</object>
	<object>
		<name>0</name>
		<pose>Unspecified</pose>
		<truncated>0</truncated>
		<difficult>0</difficult>
		<bndbox>
			<xmax>195</xmax>
			<xmin>148</xmin>
			<ymax>480</ymax>
			<ymin>418</ymin>
		</bndbox>
	</object>
	<object>
		<name>5</name>
		<pose>Unspecified</pose>
		<truncated>0</truncated>
		<difficult>0</difficult>
		<bndbox>
			<xmax>243</xmax>
			<xmin>203</xmin>
			<ymax>478</ymax>
			<ymin>421</ymin>
		</bndbox>
	</object>
	<object>
		<name>1</name>
		<pose>Unspecified</pose>
		<truncated>0</truncated>
		<difficult>0</difficult>
		<bndbox>
			<xmax>291</xmax>
			<xmin>255</xmin>
			<ymax>480</ymax>
			<ymin>423</ymin>
		</bndbox>
	</object>
	<object>
		<name>5</name>
		<pose>Unspecified</pose>
		<truncated>0</truncated>
		<difficult>0</difficult>
		<bndbox>
			<xmax>348</xmax>
			<xmin>305</xmin>
			<ymax>480</ymax>
			<ymin>420</ymin>
		</bndbox>
	</object>
	<object>
		<name>0</name>
		<pose>Unspecified</pose>
		<truncated>0</truncated>
		<difficult>0</difficult>
		<bndbox>
			<xmax>395</xmax>
			<xmin>356</xmin>
			<ymax>478</ymax>
			<ymin>421</ymin>
		</bndbox>
	</object>
	<object>
		<name>2</name>
		<pose>Unspecified</pose>
		<truncated>0</truncated>
		<difficult>0</difficult>
		<bndbox>
			<xmax>446</xmax>
			<xmin>410</xmin>
			<ymax>481</ymax>
			<ymin>433</ymin>
		</bndbox>
	</object>
	<object>
		<name>6</name>
		<pose>Unspecified</pose>
		<truncated>0</truncated>
		<difficult>0</difficult>
		<bndbox>
			<xmax>500</xmax>
			<xmin>456</xmin>
			<ymax>481</ymax>
			<ymin>431</ymin>
		</bndbox>
	</object>
</annotation>