<annotation>
	<folder>VOC2010</folder>
	<filename>00883201359605_0.jpg</filename>
	<source>
		<database>DICOM VOC2010 compatible Annotation Database</database>
		<annotation>Department of Computer Science and Communication</annotation>
		<image>University of Insubria</image>
	</source>
	<size>
		<width>640</width>
		<height>480</height>
		<depth>3</depth>
	</size>
	<segmented>1</segmented>
	<object>
		<name>2</name>
		<pose>Unspecified</pose>
		<truncated>0</truncated>
		<difficult>0</difficult>
		<bndbox>
			<xmax>135</xmax>
			<xmin>94</xmin>
			<ymax>213</ymax>
			<ymin>169</ymin>
		</bndbox>
	</object>
	<object>
		<name>1</name>
		<pose>Unspecified</pose>
		<truncated>0</truncated>
		<difficult>0</difficult>
		<bndbox>
			<xmax>193</xmax>
			<xmin>154</xmin>
			<ymax>222</ymax>
			<ymin>169</ymin>
		</bndbox>
	</object>
	<object>
		<name>9</name>
		<pose>Unspecified</pose>
		<truncated>0</truncated>
		<difficult>0</difficult>
		<bndbox>
			<xmax>248</xmax>
			<xmin>208</xmin>
			<ymax>223</ymax>
			<ymin>172</ymin>
		</bndbox>
	</object>
	<object>
		<name>6</name>
		<pose>Unspecified</pose>
		<truncated>0</truncated>
		<difficult>0</difficult>
		<bndbox>
			<xmax>307</xmax>
			<xmin>267</xmin>
			<ymax>220</ymax>
			<ymin>173</ymin>
		</bndbox>
	</object>
	<object>
		<name>5</name>
		<pose>Unspecified</pose>
		<truncated>0</truncated>
		<difficult>0</difficult>
		<bndbox>
			<xmax>366</xmax>
			<xmin>328</xmin>
			<ymax>231</ymax>
			<ymin>179</ymin>
		</bndbox>
	</object>
	<object>
		<name>0</name>
		<pose>Unspecified</pose>
		<truncated>0</truncated>
		<difficult>0</difficult>
		<bndbox>
			<xmax>425</xmax>
			<xmin>387</xmin>
			<ymax>233</ymax>
			<ymin>173</ymin>
		</bndbox>
	</object>
</annotation>