<annotation>
	<folder>VOC2010</folder>
	<filename>00882400791183_0.jpg</filename>
	<source>
		<database>DICOM VOC2010 compatible Annotation Database</database>
		<annotation>Department of Computer Science and Communication</annotation>
		<image>University of Insubria</image>
	</source>
	<size>
		<width>640</width>
		<height>480</height>
		<depth>3</depth>
	</size>
	<segmented>1</segmented>
	<object>
		<name>0</name>
		<pose>Unspecified</pose>
		<truncated>0</truncated>
		<difficult>0</difficult>
		<bndbox>
			<xmax>216</xmax>
			<xmin>173</xmin>
			<ymax>253</ymax>
			<ymin>204</ymin>
		</bndbox>
	</object>
	<object>
		<name>3</name>
		<pose>Unspecified</pose>
		<truncated>0</truncated>
		<difficult>0</difficult>
		<bndbox>
			<xmax>272</xmax>
			<xmin>230</xmin>
			<ymax>255</ymax>
			<ymin>201</ymin>
		</bndbox>
	</object>
	<object>
		<name>1</name>
		<pose>Unspecified</pose>
		<truncated>0</truncated>
		<difficult>0</difficult>
		<bndbox>
			<xmax>329</xmax>
			<xmin>286</xmin>
			<ymax>254</ymax>
			<ymin>203</ymin>
		</bndbox>
	</object>
	<object>
		<name>4</name>
		<pose>Unspecified</pose>
		<truncated>0</truncated>
		<difficult>0</difficult>
		<bndbox>
			<xmax>379</xmax>
			<xmin>335</xmin>
			<ymax>252</ymax>
			<ymin>200</ymin>
		</bndbox>
	</object>
	<object>
		<name>9</name>
		<pose>Unspecified</pose>
		<truncated>0</truncated>
		<difficult>0</difficult>
		<bndbox>
			<xmax>427</xmax>
			<xmin>385</xmin>
			<ymax>247</ymax>
			<ymin>202</ymin>
		</bndbox>
	</object>
	<object>
		<name>9</name>
		<pose>Unspecified</pose>
		<truncated>0</truncated>
		<difficult>0</difficult>
		<bndbox>
			<xmax>476</xmax>
			<xmin>442</xmin>
			<ymax>249</ymax>
			<ymin>203</ymin>
		</bndbox>
	</object>
	<object>
		<name>1</name>
		<pose>Unspecified</pose>
		<truncated>0</truncated>
		<difficult>0</difficult>
		<bndbox>
			<xmax>522</xmax>
			<xmin>487</xmin>
			<ymax>247</ymax>
			<ymin>201</ymin>
		</bndbox>
	</object>
	<object>
		<name>7</name>
		<pose>Unspecified</pose>
		<truncated>0</truncated>
		<difficult>0</difficult>
		<bndbox>
			<xmax>571</xmax>
			<xmin>533</xmin>
			<ymax>245</ymax>
			<ymin>203</ymin>
		</bndbox>
	</object>
</annotation>