<annotation>
	<folder>VOC2010</folder>
	<filename>00882400895847_0.jpg</filename>
	<source>
		<database>DICOM VOC2010 compatible Annotation Database</database>
		<annotation>Department of Computer Science and Communication</annotation>
		<image>University of Insubria</image>
	</source>
	<size>
		<width>600</width>
		<height>800</height>
		<depth>3</depth>
	</size>
	<segmented>1</segmented>
	<object>
		<name>0</name>
		<pose>Unspecified</pose>
		<truncated>0</truncated>
		<difficult>0</difficult>
		<bndbox>
			<xmax>105</xmax>
			<xmin>63</xmin>
			<ymax>425</ymax>
			<ymin>380</ymin>
		</bndbox>
	</object>
	<object>
		<name>9</name>
		<pose>Unspecified</pose>
		<truncated>0</truncated>
		<difficult>0</difficult>
		<bndbox>
			<xmax>145</xmax>
			<xmin>108</xmin>
			<ymax>425</ymax>
			<ymin>380</ymin>
		</bndbox>
	</object>
	<object>
		<name>6</name>
		<pose>Unspecified</pose>
		<truncated>0</truncated>
		<difficult>0</difficult>
		<bndbox>
			<xmax>196</xmax>
			<xmin>158</xmin>
			<ymax>425</ymax>
			<ymin>381</ymin>
		</bndbox>
	</object>
	<object>
		<name>9</name>
		<pose>Unspecified</pose>
		<truncated>0</truncated>
		<difficult>0</difficult>
		<bndbox>
			<xmax>250</xmax>
			<xmin>210</xmin>
			<ymax>425</ymax>
			<ymin>381</ymin>
		</bndbox>
	</object>
	<object>
		<name>4</name>
		<pose>Unspecified</pose>
		<truncated>0</truncated>
		<difficult>0</difficult>
		<bndbox>
			<xmax>305</xmax>
			<xmin>255</xmin>
			<ymax>425</ymax>
			<ymin>383</ymin>
		</bndbox>
	</object>
	<object>
		<name>1</name>
		<pose>Unspecified</pose>
		<truncated>0</truncated>
		<difficult>0</difficult>
		<bndbox>
			<xmax>348</xmax>
			<xmin>306</xmin>
			<ymax>426</ymax>
			<ymin>380</ymin>
		</bndbox>
	</object>
	<object>
		<name>3</name>
		<pose>Unspecified</pose>
		<truncated>0</truncated>
		<difficult>0</difficult>
		<bndbox>
			<xmax>396</xmax>
			<xmin>356</xmin>
			<ymax>425</ymax>
			<ymin>383</ymin>
		</bndbox>
	</object>
	<object>
		<name>7</name>
		<pose>Unspecified</pose>
		<truncated>0</truncated>
		<difficult>0</difficult>
		<bndbox>
			<xmax>455</xmax>
			<xmin>405</xmin>
			<ymax>430</ymax>
			<ymin>385</ymin>
		</bndbox>
	</object>
</annotation>