<annotation>
	<folder>VOC2010</folder>
	<filename>00882400737698_0.jpg</filename>
	<source>
		<database>DICOM VOC2010 compatible Annotation Database</database>
		<annotation>Department of Computer Science and Communication</annotation>
		<image>University of Insubria</image>
	</source>
	<size>
		<width>640</width>
		<height>480</height>
		<depth>3</depth>
	</size>
	<segmented>1</segmented>
	<object>
		<name>2</name>
		<pose>Unspecified</pose>
		<truncated>0</truncated>
		<difficult>0</difficult>
		<bndbox>
			<xmax>168</xmax>
			<xmin>125</xmin>
			<ymax>183</ymax>
			<ymin>150</ymin>
		</bndbox>
	</object>
	<object>
		<name>1</name>
		<pose>Unspecified</pose>
		<truncated>0</truncated>
		<difficult>0</difficult>
		<bndbox>
			<xmax>212</xmax>
			<xmin>177</xmin>
			<ymax>188</ymax>
			<ymin>151</ymin>
		</bndbox>
	</object>
	<object>
		<name>6</name>
		<pose>Unspecified</pose>
		<truncated>0</truncated>
		<difficult>0</difficult>
		<bndbox>
			<xmax>259</xmax>
			<xmin>218</xmin>
			<ymax>188</ymax>
			<ymin>150</ymin>
		</bndbox>
	</object>
	<object>
		<name>7</name>
		<pose>Unspecified</pose>
		<truncated>0</truncated>
		<difficult>0</difficult>
		<bndbox>
			<xmax>307</xmax>
			<xmin>266</xmin>
			<ymax>187</ymax>
			<ymin>151</ymin>
		</bndbox>
	</object>
	<object>
		<name>9</name>
		<pose>Unspecified</pose>
		<truncated>0</truncated>
		<difficult>0</difficult>
		<bndbox>
			<xmax>353</xmax>
			<xmin>311</xmin>
			<ymax>194</ymax>
			<ymin>156</ymin>
		</bndbox>
	</object>
	<object>
		<name>1</name>
		<pose>Unspecified</pose>
		<truncated>0</truncated>
		<difficult>0</difficult>
		<bndbox>
			<xmax>396</xmax>
			<xmin>362</xmin>
			<ymax>197</ymax>
			<ymin>157</ymin>
		</bndbox>
	</object>
	<object>
		<name>7</name>
		<pose>Unspecified</pose>
		<truncated>0</truncated>
		<difficult>0</difficult>
		<bndbox>
			<xmax>440</xmax>
			<xmin>401</xmin>
			<ymax>199</ymax>
			<ymin>161</ymin>
		</bndbox>
	</object>
</annotation>