<annotation>
	<folder>VOC2010</folder>
	<filename>00883201344524_0.jpg</filename>
	<source>
		<database>DICOM VOC2010 compatible Annotation Database</database>
		<annotation>Department of Computer Science and Communication</annotation>
		<image>University of Insubria</image>
	</source>
	<size>
		<width>640</width>
		<height>480</height>
		<depth>3</depth>
	</size>
	<segmented>1</segmented>
	<object>
		<name>1</name>
		<pose>Unspecified</pose>
		<truncated>0</truncated>
		<difficult>0</difficult>
		<bndbox>
			<xmax>106</xmax>
			<xmin>56</xmin>
			<ymax>303</ymax>
			<ymin>240</ymin>
		</bndbox>
	</object>
	<object>
		<name>0</name>
		<pose>Unspecified</pose>
		<truncated>0</truncated>
		<difficult>0</difficult>
		<bndbox>
			<xmax>162</xmax>
			<xmin>113</xmin>
			<ymax>298</ymax>
			<ymin>242</ymin>
		</bndbox>
	</object>
	<object>
		<name>8</name>
		<pose>Unspecified</pose>
		<truncated>0</truncated>
		<difficult>0</difficult>
		<bndbox>
			<xmax>223</xmax>
			<xmin>180</xmin>
			<ymax>303</ymax>
			<ymin>251</ymin>
		</bndbox>
	</object>
	<object>
		<name>2</name>
		<pose>Unspecified</pose>
		<truncated>0</truncated>
		<difficult>0</difficult>
		<bndbox>
			<xmax>278</xmax>
			<xmin>231</xmin>
			<ymax>304</ymax>
			<ymin>248</ymin>
		</bndbox>
	</object>
	<object>
		<name>5</name>
		<pose>Unspecified</pose>
		<truncated>0</truncated>
		<difficult>0</difficult>
		<bndbox>
			<xmax>333</xmax>
			<xmin>289</xmin>
			<ymax>306</ymax>
			<ymin>246</ymin>
		</bndbox>
	</object>
	<object>
		<name>5</name>
		<pose>Unspecified</pose>
		<truncated>0</truncated>
		<difficult>0</difficult>
		<bndbox>
			<xmax>389</xmax>
			<xmin>352</xmin>
			<ymax>306</ymax>
			<ymin>248</ymin>
		</bndbox>
	</object>
	<object>
		<name>9</name>
		<pose>Unspecified</pose>
		<truncated>0</truncated>
		<difficult>0</difficult>
		<bndbox>
			<xmax>451</xmax>
			<xmin>405</xmin>
			<ymax>309</ymax>
			<ymin>248</ymin>
		</bndbox>
	</object>
	<object>
		<name>4</name>
		<pose>Unspecified</pose>
		<truncated>0</truncated>
		<difficult>0</difficult>
		<bndbox>
			<xmax>504</xmax>
			<xmin>455</xmin>
			<ymax>309</ymax>
			<ymin>248</ymin>
		</bndbox>
	</object>
</annotation>