<annotation>
	<folder>VOC2010</folder>
	<filename>00883201370776_0.jpg</filename>
	<source>
		<database>DICOM VOC2010 compatible Annotation Database</database>
		<annotation>Department of Computer Science and Communication</annotation>
		<image>University of Insubria</image>
	</source>
	<size>
		<width>640</width>
		<height>480</height>
		<depth>3</depth>
	</size>
	<segmented>1</segmented>
	<object>
		<name>0</name>
		<pose>Unspecified</pose>
		<truncated>0</truncated>
		<difficult>0</difficult>
		<bndbox>
			<xmax>153</xmax>
			<xmin>120</xmin>
			<ymax>227</ymax>
			<ymin>189</ymin>
		</bndbox>
	</object>
	<object>
		<name>1</name>
		<pose>Unspecified</pose>
		<truncated>0</truncated>
		<difficult>0</difficult>
		<bndbox>
			<xmax>192</xmax>
			<xmin>167</xmin>
			<ymax>225</ymax>
			<ymin>193</ymin>
		</bndbox>
	</object>
	<object>
		<name>8</name>
		<pose>Unspecified</pose>
		<truncated>0</truncated>
		<difficult>0</difficult>
		<bndbox>
			<xmax>234</xmax>
			<xmin>205</xmin>
			<ymax>227</ymax>
			<ymin>189</ymin>
		</bndbox>
	</object>
	<object>
		<name>8</name>
		<pose>Unspecified</pose>
		<truncated>0</truncated>
		<difficult>0</difficult>
		<bndbox>
			<xmax>277</xmax>
			<xmin>248</xmin>
			<ymax>227</ymax>
			<ymin>190</ymin>
		</bndbox>
	</object>
	<object>
		<name>9</name>
		<pose>Unspecified</pose>
		<truncated>0</truncated>
		<difficult>0</difficult>
		<bndbox>
			<xmax>316</xmax>
			<xmin>285</xmin>
			<ymax>225</ymax>
			<ymin>192</ymin>
		</bndbox>
	</object>
	<object>
		<name>2</name>
		<pose>Unspecified</pose>
		<truncated>0</truncated>
		<difficult>0</difficult>
		<bndbox>
			<xmax>353</xmax>
			<xmin>325</xmin>
			<ymax>227</ymax>
			<ymin>190</ymin>
		</bndbox>
	</object>
	<object>
		<name>5</name>
		<pose>Unspecified</pose>
		<truncated>0</truncated>
		<difficult>0</difficult>
		<bndbox>
			<xmax>395</xmax>
			<xmin>363</xmin>
			<ymax>227</ymax>
			<ymin>190</ymin>
		</bndbox>
	</object>
	<object>
		<name>1</name>
		<pose>Unspecified</pose>
		<truncated>0</truncated>
		<difficult>0</difficult>
		<bndbox>
			<xmax>429</xmax>
			<xmin>403</xmin>
			<ymax>227</ymax>
			<ymin>192</ymin>
		</bndbox>
	</object>
</annotation>