<annotation>
	<folder>VOC2010</folder>
	<filename>02800000310475_0.jpg</filename>
	<source>
		<database>DICOM VOC2010 compatible Annotation Database</database>
		<annotation>Department of Computer Science and Communication</annotation>
		<image>University of Insubria</image>
	</source>
	<size>
		<width>600</width>
		<height>800</height>
		<depth>3</depth>
	</size>
	<segmented>1</segmented>
	<object>
		<name>0</name>
		<pose>Unspecified</pose>
		<truncated>0</truncated>
		<difficult>0</difficult>
		<bndbox>
			<xmax>218</xmax>
			<xmin>166</xmin>
			<ymax>495</ymax>
			<ymin>445</ymin>
		</bndbox>
	</object>
	<object>
		<name>0</name>
		<pose>Unspecified</pose>
		<truncated>0</truncated>
		<difficult>0</difficult>
		<bndbox>
			<xmax>266</xmax>
			<xmin>228</xmin>
			<ymax>495</ymax>
			<ymin>440</ymin>
		</bndbox>
	</object>
	<object>
		<name>8</name>
		<pose>Unspecified</pose>
		<truncated>0</truncated>
		<difficult>0</difficult>
		<bndbox>
			<xmax>326</xmax>
			<xmin>281</xmin>
			<ymax>496</ymax>
			<ymin>435</ymin>
		</bndbox>
	</object>
	<object>
		<name>2</name>
		<pose>Unspecified</pose>
		<truncated>0</truncated>
		<difficult>0</difficult>
		<bndbox>
			<xmax>381</xmax>
			<xmin>338</xmin>
			<ymax>498</ymax>
			<ymin>436</ymin>
		</bndbox>
	</object>
	<object>
		<name>6</name>
		<pose>Unspecified</pose>
		<truncated>0</truncated>
		<difficult>0</difficult>
		<bndbox>
			<xmax>441</xmax>
			<xmin>393</xmin>
			<ymax>498</ymax>
			<ymin>441</ymin>
		</bndbox>
	</object>
	<object>
		<name>7</name>
		<pose>Unspecified</pose>
		<truncated>0</truncated>
		<difficult>0</difficult>
		<bndbox>
			<xmax>501</xmax>
			<xmin>451</xmin>
			<ymax>498</ymax>
			<ymin>446</ymin>
		</bndbox>
	</object>
	<object>
		<name>3</name>
		<pose>Unspecified</pose>
		<truncated>0</truncated>
		<difficult>0</difficult>
		<bndbox>
			<xmax>553</xmax>
			<xmin>511</xmin>
			<ymax>496</ymax>
			<ymin>446</ymin>
		</bndbox>
	</object>
	<object>
		<name>3</name>
		<pose>Unspecified</pose>
		<truncated>0</truncated>
		<difficult>0</difficult>
		<bndbox>
			<xmax>601</xmax>
			<xmin>561</xmin>
			<ymax>496</ymax>
			<ymin>446</ymin>
		</bndbox>
	</object>
</annotation>