<annotation>
	<folder>VOC2010</folder>
	<filename>02800000312611_0.jpg</filename>
	<source>
		<database>DICOM VOC2010 compatible Annotation Database</database>
		<annotation>Department of Computer Science and Communication</annotation>
		<image>University of Insubria</image>
	</source>
	<size>
		<width>600</width>
		<height>800</height>
		<depth>3</depth>
	</size>
	<segmented>1</segmented>
	<object>
		<name>0</name>
		<pose>Unspecified</pose>
		<truncated>0</truncated>
		<difficult>0</difficult>
		<bndbox>
			<xmax>141</xmax>
			<xmin>105</xmin>
			<ymax>430</ymax>
			<ymin>380</ymin>
		</bndbox>
	</object>
	<object>
		<name>4</name>
		<pose>Unspecified</pose>
		<truncated>0</truncated>
		<difficult>0</difficult>
		<bndbox>
			<xmax>201</xmax>
			<xmin>161</xmin>
			<ymax>426</ymax>
			<ymin>380</ymin>
		</bndbox>
	</object>
	<object>
		<name>2</name>
		<pose>Unspecified</pose>
		<truncated>0</truncated>
		<difficult>0</difficult>
		<bndbox>
			<xmax>253</xmax>
			<xmin>215</xmin>
			<ymax>433</ymax>
			<ymin>378</ymin>
		</bndbox>
	</object>
	<object>
		<name>3</name>
		<pose>Unspecified</pose>
		<truncated>0</truncated>
		<difficult>0</difficult>
		<bndbox>
			<xmax>310</xmax>
			<xmin>266</xmin>
			<ymax>433</ymax>
			<ymin>383</ymin>
		</bndbox>
	</object>
	<object>
		<name>5</name>
		<pose>Unspecified</pose>
		<truncated>0</truncated>
		<difficult>0</difficult>
		<bndbox>
			<xmax>358</xmax>
			<xmin>315</xmin>
			<ymax>436</ymax>
			<ymin>383</ymin>
		</bndbox>
	</object>
	<object>
		<name>5</name>
		<pose>Unspecified</pose>
		<truncated>0</truncated>
		<difficult>0</difficult>
		<bndbox>
			<xmax>425</xmax>
			<xmin>373</xmin>
			<ymax>443</ymax>
			<ymin>386</ymin>
		</bndbox>
	</object>
	<object>
		<name>2</name>
		<pose>Unspecified</pose>
		<truncated>0</truncated>
		<difficult>0</difficult>
		<bndbox>
			<xmax>461</xmax>
			<xmin>421</xmin>
			<ymax>443</ymax>
			<ymin>390</ymin>
		</bndbox>
	</object>
	<object>
		<name>4</name>
		<pose>Unspecified</pose>
		<truncated>0</truncated>
		<difficult>0</difficult>
		<bndbox>
			<xmax>523</xmax>
			<xmin>480</xmin>
			<ymax>435</ymax>
			<ymin>395</ymin>
		</bndbox>
	</object>
</annotation>