<annotation>
	<folder>VOC2010</folder>
	<filename>02800000308928_1.jpg</filename>
	<source>
		<database>DICOM VOC2010 compatible Annotation Database</database>
		<annotation>Department of Computer Science and Communication</annotation>
		<image>University of Insubria</image>
	</source>
	<size>
		<width>600</width>
		<height>800</height>
		<depth>3</depth>
	</size>
	<segmented>1</segmented>
	<object>
		<name>0</name>
		<pose>Unspecified</pose>
		<truncated>0</truncated>
		<difficult>0</difficult>
		<bndbox>
			<xmax>165</xmax>
			<xmin>135</xmin>
			<ymax>268</ymax>
			<ymin>235</ymin>
		</bndbox>
	</object>
	<object>
		<name>2</name>
		<pose>Unspecified</pose>
		<truncated>0</truncated>
		<difficult>0</difficult>
		<bndbox>
			<xmax>221</xmax>
			<xmin>195</xmin>
			<ymax>271</ymax>
			<ymin>241</ymin>
		</bndbox>
	</object>
	<object>
		<name>3</name>
		<pose>Unspecified</pose>
		<truncated>0</truncated>
		<difficult>0</difficult>
		<bndbox>
			<xmax>250</xmax>
			<xmin>225</xmin>
			<ymax>275</ymax>
			<ymin>240</ymin>
		</bndbox>
	</object>
	<object>
		<name>1</name>
		<pose>Unspecified</pose>
		<truncated>0</truncated>
		<difficult>0</difficult>
		<bndbox>
			<xmax>280</xmax>
			<xmin>258</xmin>
			<ymax>281</ymax>
			<ymin>250</ymin>
		</bndbox>
	</object>
	<object>
		<name>2</name>
		<pose>Unspecified</pose>
		<truncated>0</truncated>
		<difficult>0</difficult>
		<bndbox>
			<xmax>338</xmax>
			<xmin>311</xmin>
			<ymax>285</ymax>
			<ymin>253</ymin>
		</bndbox>
	</object>
	<object>
		<name>5</name>
		<pose>Unspecified</pose>
		<truncated>0</truncated>
		<difficult>0</difficult>
		<bndbox>
			<xmax>365</xmax>
			<xmin>343</xmin>
			<ymax>283</ymax>
			<ymin>255</ymin>
		</bndbox>
	</object>
</annotation>