<annotation>
	<folder>VOC2010</folder>
	<filename>02800000313820_0.jpg</filename>
	<source>
		<database>DICOM VOC2010 compatible Annotation Database</database>
		<annotation>Department of Computer Science and Communication</annotation>
		<image>University of Insubria</image>
	</source>
	<size>
		<width>600</width>
		<height>800</height>
		<depth>3</depth>
	</size>
	<segmented>1</segmented>
	<object>
		<name>0</name>
		<pose>Unspecified</pose>
		<truncated>0</truncated>
		<difficult>0</difficult>
		<bndbox>
			<xmax>171</xmax>
			<xmin>133</xmin>
			<ymax>376</ymax>
			<ymin>333</ymin>
		</bndbox>
	</object>
	<object>
		<name>4</name>
		<pose>Unspecified</pose>
		<truncated>0</truncated>
		<difficult>0</difficult>
		<bndbox>
			<xmax>220</xmax>
			<xmin>181</xmin>
			<ymax>375</ymax>
			<ymin>323</ymin>
		</bndbox>
	</object>
	<object>
		<name>2</name>
		<pose>Unspecified</pose>
		<truncated>0</truncated>
		<difficult>0</difficult>
		<bndbox>
			<xmax>268</xmax>
			<xmin>225</xmin>
			<ymax>375</ymax>
			<ymin>316</ymin>
		</bndbox>
	</object>
	<object>
		<name>1</name>
		<pose>Unspecified</pose>
		<truncated>0</truncated>
		<difficult>0</difficult>
		<bndbox>
			<xmax>306</xmax>
			<xmin>275</xmin>
			<ymax>371</ymax>
			<ymin>323</ymin>
		</bndbox>
	</object>
	<object>
		<name>3</name>
		<pose>Unspecified</pose>
		<truncated>0</truncated>
		<difficult>0</difficult>
		<bndbox>
			<xmax>353</xmax>
			<xmin>318</xmin>
			<ymax>371</ymax>
			<ymin>321</ymin>
		</bndbox>
	</object>
	<object>
		<name>5</name>
		<pose>Unspecified</pose>
		<truncated>0</truncated>
		<difficult>0</difficult>
		<bndbox>
			<xmax>401</xmax>
			<xmin>366</xmin>
			<ymax>368</ymax>
			<ymin>318</ymin>
		</bndbox>
	</object>
	<object>
		<name>2</name>
		<pose>Unspecified</pose>
		<truncated>0</truncated>
		<difficult>0</difficult>
		<bndbox>
			<xmax>445</xmax>
			<xmin>405</xmin>
			<ymax>368</ymax>
			<ymin>316</ymin>
		</bndbox>
	</object>
	<object>
		<name>1</name>
		<pose>Unspecified</pose>
		<truncated>0</truncated>
		<difficult>0</difficult>
		<bndbox>
			<xmax>498</xmax>
			<xmin>451</xmin>
			<ymax>370</ymax>
			<ymin>313</ymin>
		</bndbox>
	</object>
</annotation>