<annotation>
	<folder>VOC2010</folder>
	<filename>02800000313255_0.jpg</filename>
	<source>
		<database>DICOM VOC2010 compatible Annotation Database</database>
		<annotation>Department of Computer Science and Communication</annotation>
		<image>University of Insubria</image>
	</source>
	<size>
		<width>600</width>
		<height>800</height>
		<depth>3</depth>
	</size>
	<segmented>1</segmented>
	<object>
		<name>0</name>
		<pose>Unspecified</pose>
		<truncated>0</truncated>
		<difficult>0</difficult>
		<bndbox>
			<xmax>181</xmax>
			<xmin>146</xmin>
			<ymax>408</ymax>
			<ymin>370</ymin>
		</bndbox>
	</object>
	<object>
		<name>4</name>
		<pose>Unspecified</pose>
		<truncated>0</truncated>
		<difficult>0</difficult>
		<bndbox>
			<xmax>230</xmax>
			<xmin>195</xmin>
			<ymax>411</ymax>
			<ymin>368</ymin>
		</bndbox>
	</object>
	<object>
		<name>7</name>
		<pose>Unspecified</pose>
		<truncated>0</truncated>
		<difficult>0</difficult>
		<bndbox>
			<xmax>273</xmax>
			<xmin>238</xmin>
			<ymax>410</ymax>
			<ymin>366</ymin>
		</bndbox>
	</object>
	<object>
		<name>2</name>
		<pose>Unspecified</pose>
		<truncated>0</truncated>
		<difficult>0</difficult>
		<bndbox>
			<xmax>318</xmax>
			<xmin>285</xmin>
			<ymax>413</ymax>
			<ymin>368</ymin>
		</bndbox>
	</object>
	<object>
		<name>8</name>
		<pose>Unspecified</pose>
		<truncated>0</truncated>
		<difficult>0</difficult>
		<bndbox>
			<xmax>363</xmax>
			<xmin>326</xmin>
			<ymax>415</ymax>
			<ymin>371</ymin>
		</bndbox>
	</object>
	<object>
		<name>7</name>
		<pose>Unspecified</pose>
		<truncated>0</truncated>
		<difficult>0</difficult>
		<bndbox>
			<xmax>410</xmax>
			<xmin>366</xmin>
			<ymax>411</ymax>
			<ymin>366</ymin>
		</bndbox>
	</object>
	<object>
		<name>9</name>
		<pose>Unspecified</pose>
		<truncated>0</truncated>
		<difficult>0</difficult>
		<bndbox>
			<xmax>453</xmax>
			<xmin>413</xmin>
			<ymax>415</ymax>
			<ymin>370</ymin>
		</bndbox>
	</object>
	<object>
		<name>3</name>
		<pose>Unspecified</pose>
		<truncated>0</truncated>
		<difficult>0</difficult>
		<bndbox>
			<xmax>501</xmax>
			<xmin>460</xmin>
			<ymax>418</ymax>
			<ymin>366</ymin>
		</bndbox>
	</object>
</annotation>