<annotation>
	<folder>VOC2010</folder>
	<filename>02800000307686_0.jpg</filename>
	<source>
		<database>DICOM VOC2010 compatible Annotation Database</database>
		<annotation>Department of Computer Science and Communication</annotation>
		<image>University of Insubria</image>
	</source>
	<size>
		<width>600</width>
		<height>800</height>
		<depth>3</depth>
	</size>
	<segmented>1</segmented>
	<object>
		<name>0</name>
		<pose>Unspecified</pose>
		<truncated>0</truncated>
		<difficult>0</difficult>
		<bndbox>
			<xmax>151</xmax>
			<xmin>110</xmin>
			<ymax>393</ymax>
			<ymin>345</ymin>
		</bndbox>
	</object>
	<object>
		<name>3</name>
		<pose>Unspecified</pose>
		<truncated>0</truncated>
		<difficult>0</difficult>
		<bndbox>
			<xmax>195</xmax>
			<xmin>158</xmin>
			<ymax>395</ymax>
			<ymin>345</ymin>
		</bndbox>
	</object>
	<object>
		<name>9</name>
		<pose>Unspecified</pose>
		<truncated>0</truncated>
		<difficult>0</difficult>
		<bndbox>
			<xmax>246</xmax>
			<xmin>206</xmin>
			<ymax>395</ymax>
			<ymin>346</ymin>
		</bndbox>
	</object>
	<object>
		<name>1</name>
		<pose>Unspecified</pose>
		<truncated>0</truncated>
		<difficult>0</difficult>
		<bndbox>
			<xmax>296</xmax>
			<xmin>263</xmin>
			<ymax>400</ymax>
			<ymin>346</ymin>
		</bndbox>
	</object>
	<object>
		<name>8</name>
		<pose>Unspecified</pose>
		<truncated>0</truncated>
		<difficult>0</difficult>
		<bndbox>
			<xmax>345</xmax>
			<xmin>308</xmin>
			<ymax>405</ymax>
			<ymin>350</ymin>
		</bndbox>
	</object>
	<object>
		<name>7</name>
		<pose>Unspecified</pose>
		<truncated>0</truncated>
		<difficult>0</difficult>
		<bndbox>
			<xmax>398</xmax>
			<xmin>360</xmin>
			<ymax>403</ymax>
			<ymin>361</ymin>
		</bndbox>
	</object>
	<object>
		<name>7</name>
		<pose>Unspecified</pose>
		<truncated>0</truncated>
		<difficult>0</difficult>
		<bndbox>
			<xmax>451</xmax>
			<xmin>405</xmin>
			<ymax>408</ymax>
			<ymin>356</ymin>
		</bndbox>
	</object>
	<object>
		<name>5</name>
		<pose>Unspecified</pose>
		<truncated>0</truncated>
		<difficult>0</difficult>
		<bndbox>
			<xmax>511</xmax>
			<xmin>456</xmin>
			<ymax>411</ymax>
			<ymin>363</ymin>
		</bndbox>
	</object>
</annotation>