<annotation>
	<folder>VOC2010</folder>
	<filename>02800000313224_0.jpg</filename>
	<source>
		<database>DICOM VOC2010 compatible Annotation Database</database>
		<annotation>Department of Computer Science and Communication</annotation>
		<image>University of Insubria</image>
	</source>
	<size>
		<width>600</width>
		<height>800</height>
		<depth>3</depth>
	</size>
	<segmented>1</segmented>
	<object>
		<name>0</name>
		<pose>Unspecified</pose>
		<truncated>0</truncated>
		<difficult>0</difficult>
		<bndbox>
			<xmax>251</xmax>
			<xmin>213</xmin>
			<ymax>376</ymax>
			<ymin>345</ymin>
		</bndbox>
	</object>
	<object>
		<name>7</name>
		<pose>Unspecified</pose>
		<truncated>0</truncated>
		<difficult>0</difficult>
		<bndbox>
			<xmax>286</xmax>
			<xmin>255</xmin>
			<ymax>386</ymax>
			<ymin>346</ymin>
		</bndbox>
	</object>
	<object>
		<name>9</name>
		<pose>Unspecified</pose>
		<truncated>0</truncated>
		<difficult>0</difficult>
		<bndbox>
			<xmax>321</xmax>
			<xmin>291</xmin>
			<ymax>390</ymax>
			<ymin>351</ymin>
		</bndbox>
	</object>
	<object>
		<name>4</name>
		<pose>Unspecified</pose>
		<truncated>0</truncated>
		<difficult>0</difficult>
		<bndbox>
			<xmax>356</xmax>
			<xmin>325</xmin>
			<ymax>391</ymax>
			<ymin>356</ymin>
		</bndbox>
	</object>
	<object>
		<name>1</name>
		<pose>Unspecified</pose>
		<truncated>0</truncated>
		<difficult>0</difficult>
		<bndbox>
			<xmax>391</xmax>
			<xmin>365</xmin>
			<ymax>395</ymax>
			<ymin>365</ymin>
		</bndbox>
	</object>
	<object>
		<name>0</name>
		<pose>Unspecified</pose>
		<truncated>0</truncated>
		<difficult>0</difficult>
		<bndbox>
			<xmax>433</xmax>
			<xmin>406</xmin>
			<ymax>398</ymax>
			<ymin>368</ymin>
		</bndbox>
	</object>
	<object>
		<name>9</name>
		<pose>Unspecified</pose>
		<truncated>0</truncated>
		<difficult>0</difficult>
		<bndbox>
			<xmax>471</xmax>
			<xmin>438</xmin>
			<ymax>401</ymax>
			<ymin>375</ymin>
		</bndbox>
	</object>
	<object>
		<name>3</name>
		<pose>Unspecified</pose>
		<truncated>0</truncated>
		<difficult>0</difficult>
		<bndbox>
			<xmax>513</xmax>
			<xmin>476</xmin>
			<ymax>405</ymax>
			<ymin>380</ymin>
		</bndbox>
	</object>
</annotation>