<annotation>
	<folder>VOC2010</folder>
	<filename>02800000311253_0.jpg</filename>
	<source>
		<database>DICOM VOC2010 compatible Annotation Database</database>
		<annotation>Department of Computer Science and Communication</annotation>
		<image>University of Insubria</image>
	</source>
	<size>
		<width>600</width>
		<height>800</height>
		<depth>3</depth>
	</size>
	<segmented>1</segmented>
	<object>
		<name>0</name>
		<pose>Unspecified</pose>
		<truncated>0</truncated>
		<difficult>0</difficult>
		<bndbox>
			<xmax>171</xmax>
			<xmin>131</xmin>
			<ymax>406</ymax>
			<ymin>361</ymin>
		</bndbox>
	</object>
	<object>
		<name>1</name>
		<pose>Unspecified</pose>
		<truncated>0</truncated>
		<difficult>0</difficult>
		<bndbox>
			<xmax>210</xmax>
			<xmin>180</xmin>
			<ymax>413</ymax>
			<ymin>365</ymin>
		</bndbox>
	</object>
	<object>
		<name>0</name>
		<pose>Unspecified</pose>
		<truncated>0</truncated>
		<difficult>0</difficult>
		<bndbox>
			<xmax>251</xmax>
			<xmin>211</xmin>
			<ymax>415</ymax>
			<ymin>363</ymin>
		</bndbox>
	</object>
	<object>
		<name>7</name>
		<pose>Unspecified</pose>
		<truncated>0</truncated>
		<difficult>0</difficult>
		<bndbox>
			<xmax>293</xmax>
			<xmin>260</xmin>
			<ymax>418</ymax>
			<ymin>368</ymin>
		</bndbox>
	</object>
	<object>
		<name>5</name>
		<pose>Unspecified</pose>
		<truncated>0</truncated>
		<difficult>0</difficult>
		<bndbox>
			<xmax>341</xmax>
			<xmin>301</xmin>
			<ymax>421</ymax>
			<ymin>371</ymin>
		</bndbox>
	</object>
	<object>
		<name>3</name>
		<pose>Unspecified</pose>
		<truncated>0</truncated>
		<difficult>0</difficult>
		<bndbox>
			<xmax>378</xmax>
			<xmin>345</xmin>
			<ymax>425</ymax>
			<ymin>383</ymin>
		</bndbox>
	</object>
	<object>
		<name>2</name>
		<pose>Unspecified</pose>
		<truncated>0</truncated>
		<difficult>0</difficult>
		<bndbox>
			<xmax>425</xmax>
			<xmin>385</xmin>
			<ymax>426</ymax>
			<ymin>380</ymin>
		</bndbox>
	</object>
	<object>
		<name>6</name>
		<pose>Unspecified</pose>
		<truncated>0</truncated>
		<difficult>0</difficult>
		<bndbox>
			<xmax>466</xmax>
			<xmin>431</xmin>
			<ymax>430</ymax>
			<ymin>391</ymin>
		</bndbox>
	</object>
</annotation>