<annotation>
	<folder>VOC2010</folder>
	<filename>02800000309419_0.jpg</filename>
	<source>
		<database>DICOM VOC2010 compatible Annotation Database</database>
		<annotation>Department of Computer Science and Communication</annotation>
		<image>University of Insubria</image>
	</source>
	<size>
		<width>600</width>
		<height>800</height>
		<depth>3</depth>
	</size>
	<segmented>1</segmented>
	<object>
		<name>0</name>
		<pose>Unspecified</pose>
		<truncated>0</truncated>
		<difficult>0</difficult>
		<bndbox>
			<xmax>153</xmax>
			<xmin>105</xmin>
			<ymax>395</ymax>
			<ymin>331</ymin>
		</bndbox>
	</object>
	<object>
		<name>0</name>
		<pose>Unspecified</pose>
		<truncated>0</truncated>
		<difficult>0</difficult>
		<bndbox>
			<xmax>215</xmax>
			<xmin>170</xmin>
			<ymax>395</ymax>
			<ymin>326</ymin>
		</bndbox>
	</object>
	<object>
		<name>0</name>
		<pose>Unspecified</pose>
		<truncated>0</truncated>
		<difficult>0</difficult>
		<bndbox>
			<xmax>263</xmax>
			<xmin>221</xmin>
			<ymax>390</ymax>
			<ymin>330</ymin>
		</bndbox>
	</object>
	<object>
		<name>2</name>
		<pose>Unspecified</pose>
		<truncated>0</truncated>
		<difficult>0</difficult>
		<bndbox>
			<xmax>323</xmax>
			<xmin>266</xmin>
			<ymax>388</ymax>
			<ymin>328</ymin>
		</bndbox>
	</object>
	<object>
		<name>9</name>
		<pose>Unspecified</pose>
		<truncated>0</truncated>
		<difficult>0</difficult>
		<bndbox>
			<xmax>373</xmax>
			<xmin>323</xmin>
			<ymax>390</ymax>
			<ymin>328</ymin>
		</bndbox>
	</object>
	<object>
		<name>9</name>
		<pose>Unspecified</pose>
		<truncated>0</truncated>
		<difficult>0</difficult>
		<bndbox>
			<xmax>423</xmax>
			<xmin>383</xmin>
			<ymax>383</ymax>
			<ymin>328</ymin>
		</bndbox>
	</object>
	<object>
		<name>2</name>
		<pose>Unspecified</pose>
		<truncated>0</truncated>
		<difficult>0</difficult>
		<bndbox>
			<xmax>473</xmax>
			<xmin>426</xmin>
			<ymax>381</ymax>
			<ymin>326</ymin>
		</bndbox>
	</object>
	<object>
		<name>6</name>
		<pose>Unspecified</pose>
		<truncated>0</truncated>
		<difficult>0</difficult>
		<bndbox>
			<xmax>531</xmax>
			<xmin>480</xmin>
			<ymax>385</ymax>
			<ymin>326</ymin>
		</bndbox>
	</object>
</annotation>