<annotation>
	<folder>VOC2010</folder>
	<filename>02800000309688_0.jpg</filename>
	<source>
		<database>DICOM VOC2010 compatible Annotation Database</database>
		<annotation>Department of Computer Science and Communication</annotation>
		<image>University of Insubria</image>
	</source>
	<size>
		<width>600</width>
		<height>800</height>
		<depth>3</depth>
	</size>
	<segmented>1</segmented>
	<object>
		<name>0</name>
		<pose>Unspecified</pose>
		<truncated>0</truncated>
		<difficult>0</difficult>
		<bndbox>
			<xmax>140</xmax>
			<xmin>86</xmin>
			<ymax>368</ymax>
			<ymin>301</ymin>
		</bndbox>
	</object>
	<object>
		<name>5</name>
		<pose>Unspecified</pose>
		<truncated>0</truncated>
		<difficult>0</difficult>
		<bndbox>
			<xmax>201</xmax>
			<xmin>153</xmin>
			<ymax>361</ymax>
			<ymin>291</ymin>
		</bndbox>
	</object>
	<object>
		<name>3</name>
		<pose>Unspecified</pose>
		<truncated>0</truncated>
		<difficult>0</difficult>
		<bndbox>
			<xmax>273</xmax>
			<xmin>218</xmin>
			<ymax>356</ymax>
			<ymin>285</ymin>
		</bndbox>
	</object>
	<object>
		<name>6</name>
		<pose>Unspecified</pose>
		<truncated>0</truncated>
		<difficult>0</difficult>
		<bndbox>
			<xmax>340</xmax>
			<xmin>288</xmin>
			<ymax>355</ymax>
			<ymin>288</ymin>
		</bndbox>
	</object>
	<object>
		<name>2</name>
		<pose>Unspecified</pose>
		<truncated>0</truncated>
		<difficult>0</difficult>
		<bndbox>
			<xmax>398</xmax>
			<xmin>350</xmin>
			<ymax>348</ymax>
			<ymin>285</ymin>
		</bndbox>
	</object>
	<object>
		<name>9</name>
		<pose>Unspecified</pose>
		<truncated>0</truncated>
		<difficult>0</difficult>
		<bndbox>
			<xmax>458</xmax>
			<xmin>423</xmin>
			<ymax>346</ymax>
			<ymin>288</ymin>
		</bndbox>
	</object>
	<object>
		<name>9</name>
		<pose>Unspecified</pose>
		<truncated>0</truncated>
		<difficult>0</difficult>
		<bndbox>
			<xmax>518</xmax>
			<xmin>483</xmin>
			<ymax>341</ymax>
			<ymin>281</ymin>
		</bndbox>
	</object>
	<object>
		<name>5</name>
		<pose>Unspecified</pose>
		<truncated>0</truncated>
		<difficult>0</difficult>
		<bndbox>
			<xmax>598</xmax>
			<xmin>551</xmin>
			<ymax>340</ymax>
			<ymin>285</ymin>
		</bndbox>
	</object>
</annotation>