<annotation>
	<folder>VOC2010</folder>
	<filename>02800000309038_0.jpg</filename>
	<source>
		<database>DICOM VOC2010 compatible Annotation Database</database>
		<annotation>Department of Computer Science and Communication</annotation>
		<image>University of Insubria</image>
	</source>
	<size>
		<width>600</width>
		<height>800</height>
		<depth>3</depth>
	</size>
	<segmented>1</segmented>
	<object>
		<name>0</name>
		<pose>Unspecified</pose>
		<truncated>0</truncated>
		<difficult>0</difficult>
		<bndbox>
			<xmax>180</xmax>
			<xmin>136</xmin>
			<ymax>416</ymax>
			<ymin>366</ymin>
		</bndbox>
	</object>
	<object>
		<name>0</name>
		<pose>Unspecified</pose>
		<truncated>0</truncated>
		<difficult>0</difficult>
		<bndbox>
			<xmax>233</xmax>
			<xmin>188</xmin>
			<ymax>420</ymax>
			<ymin>366</ymin>
		</bndbox>
	</object>
	<object>
		<name>1</name>
		<pose>Unspecified</pose>
		<truncated>0</truncated>
		<difficult>0</difficult>
		<bndbox>
			<xmax>281</xmax>
			<xmin>243</xmin>
			<ymax>421</ymax>
			<ymin>366</ymin>
		</bndbox>
	</object>
	<object>
		<name>6</name>
		<pose>Unspecified</pose>
		<truncated>0</truncated>
		<difficult>0</difficult>
		<bndbox>
			<xmax>336</xmax>
			<xmin>293</xmin>
			<ymax>425</ymax>
			<ymin>370</ymin>
		</bndbox>
	</object>
	<object>
		<name>7</name>
		<pose>Unspecified</pose>
		<truncated>0</truncated>
		<difficult>0</difficult>
		<bndbox>
			<xmax>383</xmax>
			<xmin>340</xmin>
			<ymax>421</ymax>
			<ymin>371</ymin>
		</bndbox>
	</object>
	<object>
		<name>4</name>
		<pose>Unspecified</pose>
		<truncated>0</truncated>
		<difficult>0</difficult>
		<bndbox>
			<xmax>431</xmax>
			<xmin>398</xmin>
			<ymax>428</ymax>
			<ymin>375</ymin>
		</bndbox>
	</object>
	<object>
		<name>7</name>
		<pose>Unspecified</pose>
		<truncated>0</truncated>
		<difficult>0</difficult>
		<bndbox>
			<xmax>483</xmax>
			<xmin>445</xmin>
			<ymax>426</ymax>
			<ymin>380</ymin>
		</bndbox>
	</object>
	<object>
		<name>2</name>
		<pose>Unspecified</pose>
		<truncated>0</truncated>
		<difficult>0</difficult>
		<bndbox>
			<xmax>536</xmax>
			<xmin>491</xmin>
			<ymax>433</ymax>
			<ymin>386</ymin>
		</bndbox>
	</object>
</annotation>