<annotation>
	<folder>VOC2010</folder>
	<filename>02800000313396_0.jpg</filename>
	<source>
		<database>DICOM VOC2010 compatible Annotation Database</database>
		<annotation>Department of Computer Science and Communication</annotation>
		<image>University of Insubria</image>
	</source>
	<size>
		<width>600</width>
		<height>800</height>
		<depth>3</depth>
	</size>
	<segmented>1</segmented>
	<object>
		<name>0</name>
		<pose>Unspecified</pose>
		<truncated>0</truncated>
		<difficult>0</difficult>
		<bndbox>
			<xmax>121</xmax>
			<xmin>76</xmin>
			<ymax>463</ymax>
			<ymin>416</ymin>
		</bndbox>
	</object>
	<object>
		<name>0</name>
		<pose>Unspecified</pose>
		<truncated>0</truncated>
		<difficult>0</difficult>
		<bndbox>
			<xmax>186</xmax>
			<xmin>143</xmin>
			<ymax>461</ymax>
			<ymin>411</ymin>
		</bndbox>
	</object>
	<object>
		<name>5</name>
		<pose>Unspecified</pose>
		<truncated>0</truncated>
		<difficult>0</difficult>
		<bndbox>
			<xmax>248</xmax>
			<xmin>200</xmin>
			<ymax>461</ymax>
			<ymin>405</ymin>
		</bndbox>
	</object>
	<object>
		<name>5</name>
		<pose>Unspecified</pose>
		<truncated>0</truncated>
		<difficult>0</difficult>
		<bndbox>
			<xmax>313</xmax>
			<xmin>263</xmin>
			<ymax>461</ymax>
			<ymin>405</ymin>
		</bndbox>
	</object>
	<object>
		<name>8</name>
		<pose>Unspecified</pose>
		<truncated>0</truncated>
		<difficult>0</difficult>
		<bndbox>
			<xmax>373</xmax>
			<xmin>330</xmin>
			<ymax>463</ymax>
			<ymin>408</ymin>
		</bndbox>
	</object>
	<object>
		<name>6</name>
		<pose>Unspecified</pose>
		<truncated>0</truncated>
		<difficult>0</difficult>
		<bndbox>
			<xmax>440</xmax>
			<xmin>390</xmin>
			<ymax>465</ymax>
			<ymin>413</ymin>
		</bndbox>
	</object>
	<object>
		<name>5</name>
		<pose>Unspecified</pose>
		<truncated>0</truncated>
		<difficult>0</difficult>
		<bndbox>
			<xmax>501</xmax>
			<xmin>453</xmin>
			<ymax>463</ymax>
			<ymin>408</ymin>
		</bndbox>
	</object>
	<object>
		<name>8</name>
		<pose>Unspecified</pose>
		<truncated>0</truncated>
		<difficult>0</difficult>
		<bndbox>
			<xmax>573</xmax>
			<xmin>516</xmin>
			<ymax>465</ymax>
			<ymin>411</ymin>
		</bndbox>
	</object>
</annotation>