<annotation>
	<folder>VOC2010</folder>
	<filename>02800000313773_0.jpg</filename>
	<source>
		<database>DICOM VOC2010 compatible Annotation Database</database>
		<annotation>Department of Computer Science and Communication</annotation>
		<image>University of Insubria</image>
	</source>
	<size>
		<width>600</width>
		<height>800</height>
		<depth>3</depth>
	</size>
	<segmented>1</segmented>
	<object>
		<name>1</name>
		<pose>Unspecified</pose>
		<truncated>0</truncated>
		<difficult>0</difficult>
		<bndbox>
			<xmax>143</xmax>
			<xmin>105</xmin>
			<ymax>438</ymax>
			<ymin>393</ymin>
		</bndbox>
	</object>
	<object>
		<name>4</name>
		<pose>Unspecified</pose>
		<truncated>0</truncated>
		<difficult>0</difficult>
		<bndbox>
			<xmax>195</xmax>
			<xmin>153</xmin>
			<ymax>436</ymax>
			<ymin>390</ymin>
		</bndbox>
	</object>
	<object>
		<name>4</name>
		<pose>Unspecified</pose>
		<truncated>0</truncated>
		<difficult>0</difficult>
		<bndbox>
			<xmax>246</xmax>
			<xmin>205</xmin>
			<ymax>438</ymax>
			<ymin>381</ymin>
		</bndbox>
	</object>
	<object>
		<name>4</name>
		<pose>Unspecified</pose>
		<truncated>0</truncated>
		<difficult>0</difficult>
		<bndbox>
			<xmax>290</xmax>
			<xmin>250</xmin>
			<ymax>436</ymax>
			<ymin>381</ymin>
		</bndbox>
	</object>
	<object>
		<name>1</name>
		<pose>Unspecified</pose>
		<truncated>0</truncated>
		<difficult>0</difficult>
		<bndbox>
			<xmax>345</xmax>
			<xmin>303</xmin>
			<ymax>433</ymax>
			<ymin>376</ymin>
		</bndbox>
	</object>
	<object>
		<name>4</name>
		<pose>Unspecified</pose>
		<truncated>0</truncated>
		<difficult>0</difficult>
		<bndbox>
			<xmax>388</xmax>
			<xmin>351</xmin>
			<ymax>426</ymax>
			<ymin>383</ymin>
		</bndbox>
	</object>
	<object>
		<name>9</name>
		<pose>Unspecified</pose>
		<truncated>0</truncated>
		<difficult>0</difficult>
		<bndbox>
			<xmax>438</xmax>
			<xmin>401</xmin>
			<ymax>431</ymax>
			<ymin>380</ymin>
		</bndbox>
	</object>
	<object>
		<name>4</name>
		<pose>Unspecified</pose>
		<truncated>0</truncated>
		<difficult>0</difficult>
		<bndbox>
			<xmax>503</xmax>
			<xmin>456</xmin>
			<ymax>435</ymax>
			<ymin>376</ymin>
		</bndbox>
	</object>
</annotation>