<annotation>
	<folder>VOC2010</folder>
	<filename>00450000101878_0.jpg</filename>
	<source>
		<database>DICOM VOC2010 compatible Annotation Database</database>
		<annotation>Department of Computer Science and Communication</annotation>
		<image>University of Insubria</image>
	</source>
	<size>
		<width>424</width>
		<height>49</height>
		<depth>3</depth>
	</size>
	<segmented>1</segmented>
	<object>
		<name>uno</name>
		<pose>Unspecified</pose>
		<truncated>0</truncated>
		<difficult>0</difficult>
		<bndbox>
			<xmax>30</xmax>
			<xmin>23</xmin>
			<ymax>38</ymax>
			<ymin>8</ymin>
		</bndbox>
	</object>
	<object>
		<name>sette</name>
		<pose>Unspecified</pose>
		<truncated>0</truncated>
		<difficult>0</difficult>
		<bndbox>
			<xmax>82</xmax>
			<xmin>65</xmin>
			<ymax>38</ymax>
			<ymin>8</ymin>
		</bndbox>
	</object>
	<object>
		<name>uno</name>
		<pose>Unspecified</pose>
		<truncated>0</truncated>
		<difficult>0</difficult>
		<bndbox>
			<xmax>127</xmax>
			<xmin>118</xmin>
			<ymax>36</ymax>
			<ymin>9</ymin>
		</bndbox>
	</object>
	<object>
		<name>sei</name>
		<pose>Unspecified</pose>
		<truncated>0</truncated>
		<difficult>0</difficult>
		<bndbox>
			<xmax>183</xmax>
			<xmin>162</xmin>
			<ymax>41</ymax>
			<ymin>9</ymin>
		</bndbox>
	</object>
	<object>
		<name>due</name>
		<pose>Unspecified</pose>
		<truncated>0</truncated>
		<difficult>0</difficult>
		<bndbox>
			<xmax>230</xmax>
			<xmin>210</xmin>
			<ymax>38</ymax>
			<ymin>8</ymin>
		</bndbox>
	</object>
	<object>
		<name>due</name>
		<pose>Unspecified</pose>
		<truncated>0</truncated>
		<difficult>0</difficult>
		<bndbox>
			<xmax>276</xmax>
			<xmin>258</xmin>
			<ymax>38</ymax>
			<ymin>8</ymin>
		</bndbox>
	</object>
	<object>
		<name>nove</name>
		<pose>Unspecified</pose>
		<truncated>0</truncated>
		<difficult>0</difficult>
		<bndbox>
			<xmax>326</xmax>
			<xmin>308</xmin>
			<ymax>34</ymax>
			<ymin>6</ymin>
		</bndbox>
	</object>
</annotation>