<annotation>
	<folder>VOC2010</folder>
	<filename>00450000405080_0.jpg</filename>
	<source>
		<database>DICOM VOC2010 compatible Annotation Database</database>
		<annotation>Department of Computer Science and Communication</annotation>
		<image>University of Insubria</image>
	</source>
	<size>
		<width>563</width>
		<height>76</height>
		<depth>3</depth>
	</size>
	<segmented>1</segmented>
	<object>
		<name>quattro</name>
		<pose>Unspecified</pose>
		<truncated>0</truncated>
		<difficult>0</difficult>
		<bndbox>
			<xmax>142</xmax>
			<xmin>120</xmin>
			<ymax>54</ymax>
			<ymin>13</ymin>
		</bndbox>
	</object>
	<object>
		<name>nove</name>
		<pose>Unspecified</pose>
		<truncated>0</truncated>
		<difficult>0</difficult>
		<bndbox>
			<xmax>210</xmax>
			<xmin>187</xmin>
			<ymax>55</ymax>
			<ymin>14</ymin>
		</bndbox>
	</object>
	<object>
		<name>cinque</name>
		<pose>Unspecified</pose>
		<truncated>0</truncated>
		<difficult>0</difficult>
		<bndbox>
			<xmax>278</xmax>
			<xmin>252</xmin>
			<ymax>60</ymax>
			<ymin>16</ymin>
		</bndbox>
	</object>
	<object>
		<name>otto</name>
		<pose>Unspecified</pose>
		<truncated>0</truncated>
		<difficult>0</difficult>
		<bndbox>
			<xmax>346</xmax>
			<xmin>318</xmin>
			<ymax>62</ymax>
			<ymin>13</ymin>
		</bndbox>
	</object>
	<object>
		<name>uno</name>
		<pose>Unspecified</pose>
		<truncated>0</truncated>
		<difficult>0</difficult>
		<bndbox>
			<xmax>404</xmax>
			<xmin>396</xmin>
			<ymax>59</ymax>
			<ymin>20</ymin>
		</bndbox>
	</object>
	<object>
		<name>zero</name>
		<pose>Unspecified</pose>
		<truncated>0</truncated>
		<difficult>0</difficult>
		<bndbox>
			<xmax>474</xmax>
			<xmin>452</xmin>
			<ymax>55</ymax>
			<ymin>11</ymin>
		</bndbox>
	</object>
	<object>
		<name>sei</name>
		<pose>Unspecified</pose>
		<truncated>0</truncated>
		<difficult>0</difficult>
		<bndbox>
			<xmax>538</xmax>
			<xmin>514</xmin>
			<ymax>63</ymax>
			<ymin>22</ymin>
		</bndbox>
	</object>
</annotation>