<annotation>
	<folder>VOC2010</folder>
	<filename>00450000405084_0_Meter_0.jpg</filename>
	<source>
		<database>DICOM VOC2010 compatible Annotation Database</database>
		<annotation>Department of Computer Science and Communication</annotation>
		<image>University of Insubria</image>
	</source>
	<size>
		<width>587</width>
		<height>133</height>
		<depth>3</depth>
	</size>
	<segmented>1</segmented>
	<object>
		<name>cinque</name>
		<pose>Unspecified</pose>
		<truncated>0</truncated>
		<difficult>0</difficult>
		<bndbox>
			<xmax>142</xmax>
			<xmin>124</xmin>
			<ymax>70</ymax>
			<ymin>38</ymin>
		</bndbox>
	</object>
	<object>
		<name>quattro</name>
		<pose>Unspecified</pose>
		<truncated>0</truncated>
		<difficult>0</difficult>
		<bndbox>
			<xmax>190</xmax>
			<xmin>173</xmin>
			<ymax>70</ymax>
			<ymin>40</ymin>
		</bndbox>
	</object>
	<object>
		<name>sei</name>
		<pose>Unspecified</pose>
		<truncated>0</truncated>
		<difficult>0</difficult>
		<bndbox>
			<xmax>238</xmax>
			<xmin>220</xmin>
			<ymax>72</ymax>
			<ymin>41</ymin>
		</bndbox>
	</object>
	<object>
		<name>otto</name>
		<pose>Unspecified</pose>
		<truncated>0</truncated>
		<difficult>0</difficult>
		<bndbox>
			<xmax>283</xmax>
			<xmin>266</xmin>
			<ymax>72</ymax>
			<ymin>42</ymin>
		</bndbox>
	</object>
	<object>
		<name>zero</name>
		<pose>Unspecified</pose>
		<truncated>0</truncated>
		<difficult>0</difficult>
		<bndbox>
			<xmax>329</xmax>
			<xmin>310</xmin>
			<ymax>73</ymax>
			<ymin>41</ymin>
		</bndbox>
	</object>
	<object>
		<name>otto</name>
		<pose>Unspecified</pose>
		<truncated>0</truncated>
		<difficult>0</difficult>
		<bndbox>
			<xmax>371</xmax>
			<xmin>354</xmin>
			<ymax>70</ymax>
			<ymin>40</ymin>
		</bndbox>
	</object>
	<object>
		<name>sette</name>
		<pose>Unspecified</pose>
		<truncated>0</truncated>
		<difficult>0</difficult>
		<bndbox>
			<xmax>412</xmax>
			<xmin>396</xmin>
			<ymax>70</ymax>
			<ymin>40</ymin>
		</bndbox>
	</object>
	<object>
		<name>quattro</name>
		<pose>Unspecified</pose>
		<truncated>0</truncated>
		<difficult>0</difficult>
		<bndbox>
			<xmax>452</xmax>
			<xmin>439</xmin>
			<ymax>66</ymax>
			<ymin>40</ymin>
		</bndbox>
	</object>
</annotation>