<annotation>
	<folder>VOC2010</folder>
	<filename>00450000100543_0.jpg</filename>
	<source>
		<database>DICOM VOC2010 compatible Annotation Database</database>
		<annotation>Department of Computer Science and Communication</annotation>
		<image>University of Insubria</image>
	</source>
	<size>
		<width>630</width>
		<height>75</height>
		<depth>3</depth>
	</size>
	<segmented>1</segmented>
	<object>
		<name>cinque</name>
		<pose>Unspecified</pose>
		<truncated>0</truncated>
		<difficult>0</difficult>
		<bndbox>
			<xmax>70</xmax>
			<xmin>43</xmin>
			<ymax>56</ymax>
			<ymin>4</ymin>
		</bndbox>
	</object>
	<object>
		<name>otto</name>
		<pose>Unspecified</pose>
		<truncated>0</truncated>
		<difficult>0</difficult>
		<bndbox>
			<xmax>147</xmax>
			<xmin>121</xmin>
			<ymax>54</ymax>
			<ymin>4</ymin>
		</bndbox>
	</object>
	<object>
		<name>cinque</name>
		<pose>Unspecified</pose>
		<truncated>0</truncated>
		<difficult>0</difficult>
		<bndbox>
			<xmax>224</xmax>
			<xmin>200</xmin>
			<ymax>45</ymax>
			<ymin>1</ymin>
		</bndbox>
	</object>
	<object>
		<name>nove</name>
		<pose>Unspecified</pose>
		<truncated>0</truncated>
		<difficult>0</difficult>
		<bndbox>
			<xmax>302</xmax>
			<xmin>277</xmin>
			<ymax>56</ymax>
			<ymin>6</ymin>
		</bndbox>
	</object>
	<object>
		<name>cinque</name>
		<pose>Unspecified</pose>
		<truncated>0</truncated>
		<difficult>0</difficult>
		<bndbox>
			<xmax>384</xmax>
			<xmin>357</xmin>
			<ymax>52</ymax>
			<ymin>3</ymin>
		</bndbox>
	</object>
	<object>
		<name>otto</name>
		<pose>Unspecified</pose>
		<truncated>0</truncated>
		<difficult>0</difficult>
		<bndbox>
			<xmax>468</xmax>
			<xmin>438</xmin>
			<ymax>58</ymax>
			<ymin>3</ymin>
		</bndbox>
	</object>
	<object>
		<name>cinque</name>
		<pose>Unspecified</pose>
		<truncated>0</truncated>
		<difficult>0</difficult>
		<bndbox>
			<xmax>547</xmax>
			<xmin>516</xmin>
			<ymax>54</ymax>
			<ymin>1</ymin>
		</bndbox>
	</object>
	<object>
		<name>due</name>
		<pose>Unspecified</pose>
		<truncated>0</truncated>
		<difficult>0</difficult>
		<bndbox>
			<xmax>630</xmax>
			<xmin>610</xmin>
			<ymax>70</ymax>
			<ymin>20</ymin>
		</bndbox>
	</object>
</annotation>