<annotation>
	<folder>VOC2010</folder>
	<filename>00450000202444_0.jpg</filename>
	<source>
		<database>DICOM VOC2010 compatible Annotation Database</database>
		<annotation>Department of Computer Science and Communication</annotation>
		<image>University of Insubria</image>
	</source>
	<size>
		<width>590</width>
		<height>86</height>
		<depth>3</depth>
	</size>
	<segmented>1</segmented>
	<object>
		<name>due</name>
		<pose>Unspecified</pose>
		<truncated>0</truncated>
		<difficult>0</difficult>
		<bndbox>
			<xmax>79</xmax>
			<xmin>48</xmin>
			<ymax>56</ymax>
			<ymin>10</ymin>
		</bndbox>
	</object>
	<object>
		<name>due</name>
		<pose>Unspecified</pose>
		<truncated>0</truncated>
		<difficult>0</difficult>
		<bndbox>
			<xmax>150</xmax>
			<xmin>120</xmin>
			<ymax>60</ymax>
			<ymin>12</ymin>
		</bndbox>
	</object>
	<object>
		<name>quattro</name>
		<pose>Unspecified</pose>
		<truncated>0</truncated>
		<difficult>0</difficult>
		<bndbox>
			<xmax>222</xmax>
			<xmin>196</xmin>
			<ymax>58</ymax>
			<ymin>16</ymin>
		</bndbox>
	</object>
	<object>
		<name>quattro</name>
		<pose>Unspecified</pose>
		<truncated>0</truncated>
		<difficult>0</difficult>
		<bndbox>
			<xmax>292</xmax>
			<xmin>265</xmin>
			<ymax>59</ymax>
			<ymin>16</ymin>
		</bndbox>
	</object>
	<object>
		<name>sette</name>
		<pose>Unspecified</pose>
		<truncated>0</truncated>
		<difficult>0</difficult>
		<bndbox>
			<xmax>357</xmax>
			<xmin>332</xmin>
			<ymax>58</ymax>
			<ymin>14</ymin>
		</bndbox>
	</object>
	<object>
		<name>otto</name>
		<pose>Unspecified</pose>
		<truncated>0</truncated>
		<difficult>0</difficult>
		<bndbox>
			<xmax>426</xmax>
			<xmin>398</xmin>
			<ymax>62</ymax>
			<ymin>16</ymin>
		</bndbox>
	</object>
	<object>
		<name>nove</name>
		<pose>Unspecified</pose>
		<truncated>0</truncated>
		<difficult>0</difficult>
		<bndbox>
			<xmax>491</xmax>
			<xmin>466</xmin>
			<ymax>64</ymax>
			<ymin>17</ymin>
		</bndbox>
	</object>
</annotation>