<annotation>
	<folder>VOC2010</folder>
	<filename>00450000203353_0.jpg</filename>
	<source>
		<database>DICOM VOC2010 compatible Annotation Database</database>
		<annotation>Department of Computer Science and Communication</annotation>
		<image>University of Insubria</image>
	</source>
	<size>
		<width>232</width>
		<height>41</height>
		<depth>3</depth>
	</size>
	<segmented>1</segmented>
	<object>
		<name>tre</name>
		<pose>Unspecified</pose>
		<truncated>0</truncated>
		<difficult>0</difficult>
		<bndbox>
			<xmax>56</xmax>
			<xmin>46</xmin>
			<ymax>24</ymax>
			<ymin>6</ymin>
		</bndbox>
	</object>
	<object>
		<name>zero</name>
		<pose>Unspecified</pose>
		<truncated>0</truncated>
		<difficult>0</difficult>
		<bndbox>
			<xmax>84</xmax>
			<xmin>74</xmin>
			<ymax>26</ymax>
			<ymin>5</ymin>
		</bndbox>
	</object>
	<object>
		<name>zero</name>
		<pose>Unspecified</pose>
		<truncated>0</truncated>
		<difficult>0</difficult>
		<bndbox>
			<xmax>30</xmax>
			<xmin>20</xmin>
			<ymax>20</ymax>
			<ymin>2</ymin>
		</bndbox>
	</object>
	<object>
		<name>uno</name>
		<pose>Unspecified</pose>
		<truncated>0</truncated>
		<difficult>0</difficult>
		<bndbox>
			<xmax>107</xmax>
			<xmin>102</xmin>
			<ymax>23</ymax>
			<ymin>6</ymin>
		</bndbox>
	</object>
	<object>
		<name>uno</name>
		<pose>Unspecified</pose>
		<truncated>0</truncated>
		<difficult>0</difficult>
		<bndbox>
			<xmax>132</xmax>
			<xmin>128</xmin>
			<ymax>26</ymax>
			<ymin>10</ymin>
		</bndbox>
	</object>
	<object>
		<name>due</name>
		<pose>Unspecified</pose>
		<truncated>0</truncated>
		<difficult>0</difficult>
		<bndbox>
			<xmax>164</xmax>
			<xmin>152</xmin>
			<ymax>28</ymax>
			<ymin>9</ymin>
		</bndbox>
	</object>
	<object>
		<name>uno</name>
		<pose>Unspecified</pose>
		<truncated>0</truncated>
		<difficult>0</difficult>
		<bndbox>
			<xmax>186</xmax>
			<xmin>181</xmin>
			<ymax>29</ymax>
			<ymin>12</ymin>
		</bndbox>
	</object>
</annotation>