<annotation>
	<folder>VOC2010</folder>
	<filename>00450000102049_0.jpg</filename>
	<source>
		<database>DICOM VOC2010 compatible Annotation Database</database>
		<annotation>Department of Computer Science and Communication</annotation>
		<image>University of Insubria</image>
	</source>
	<size>
		<width>484</width>
		<height>83</height>
		<depth>3</depth>
	</size>
	<segmented>1</segmented>
	<object>
		<name>zero</name>
		<pose>Unspecified</pose>
		<truncated>0</truncated>
		<difficult>0</difficult>
		<bndbox>
			<xmax>70</xmax>
			<xmin>49</xmin>
			<ymax>60</ymax>
			<ymin>23</ymin>
		</bndbox>
	</object>
	<object>
		<name>sei</name>
		<pose>Unspecified</pose>
		<truncated>0</truncated>
		<difficult>0</difficult>
		<bndbox>
			<xmax>122</xmax>
			<xmin>104</xmin>
			<ymax>61</ymax>
			<ymin>25</ymin>
		</bndbox>
	</object>
	<object>
		<name>sei</name>
		<pose>Unspecified</pose>
		<truncated>0</truncated>
		<difficult>0</difficult>
		<bndbox>
			<xmax>177</xmax>
			<xmin>158</xmin>
			<ymax>70</ymax>
			<ymin>30</ymin>
		</bndbox>
	</object>
	<object>
		<name>zero</name>
		<pose>Unspecified</pose>
		<truncated>0</truncated>
		<difficult>0</difficult>
		<bndbox>
			<xmax>232</xmax>
			<xmin>208</xmin>
			<ymax>66</ymax>
			<ymin>26</ymin>
		</bndbox>
	</object>
	<object>
		<name>due</name>
		<pose>Unspecified</pose>
		<truncated>0</truncated>
		<difficult>0</difficult>
		<bndbox>
			<xmax>284</xmax>
			<xmin>263</xmin>
			<ymax>68</ymax>
			<ymin>30</ymin>
		</bndbox>
	</object>
	<object>
		<name>due</name>
		<pose>Unspecified</pose>
		<truncated>0</truncated>
		<difficult>0</difficult>
		<bndbox>
			<xmax>336</xmax>
			<xmin>316</xmin>
			<ymax>66</ymax>
			<ymin>28</ymin>
		</bndbox>
	</object>
	<object>
		<name>due</name>
		<pose>Unspecified</pose>
		<truncated>0</truncated>
		<difficult>0</difficult>
		<bndbox>
			<xmax>390</xmax>
			<xmin>372</xmin>
			<ymax>64</ymax>
			<ymin>26</ymin>
		</bndbox>
	</object>
	<object>
		<name>otto</name>
		<pose>Unspecified</pose>
		<truncated>0</truncated>
		<difficult>0</difficult>
		<bndbox>
			<xmax>443</xmax>
			<xmin>422</xmin>
			<ymax>53</ymax>
			<ymin>20</ymin>
		</bndbox>
	</object>
</annotation>