<annotation>
	<folder>VOC2010</folder>
	<filename>00450000100753_0_Meter_0.jpg</filename>
	<source>
		<database>DICOM VOC2010 compatible Annotation Database</database>
		<annotation>Department of Computer Science and Communication</annotation>
		<image>University of Insubria</image>
	</source>
	<size>
		<width>560</width>
		<height>133</height>
		<depth>3</depth>
	</size>
	<segmented>1</segmented>
	<object>
		<name>sei</name>
		<pose>Unspecified</pose>
		<truncated>0</truncated>
		<difficult>0</difficult>
		<bndbox>
			<xmax>96</xmax>
			<xmin>64</xmin>
			<ymax>106</ymax>
			<ymin>50</ymin>
		</bndbox>
	</object>
	<object>
		<name>sette</name>
		<pose>Unspecified</pose>
		<truncated>0</truncated>
		<difficult>0</difficult>
		<bndbox>
			<xmax>175</xmax>
			<xmin>147</xmin>
			<ymax>98</ymax>
			<ymin>42</ymin>
		</bndbox>
	</object>
	<object>
		<name>nove</name>
		<pose>Unspecified</pose>
		<truncated>0</truncated>
		<difficult>0</difficult>
		<bndbox>
			<xmax>260</xmax>
			<xmin>228</xmin>
			<ymax>95</ymax>
			<ymin>40</ymin>
		</bndbox>
	</object>
	<object>
		<name>sette</name>
		<pose>Unspecified</pose>
		<truncated>0</truncated>
		<difficult>0</difficult>
		<bndbox>
			<xmax>336</xmax>
			<xmin>308</xmin>
			<ymax>94</ymax>
			<ymin>40</ymin>
		</bndbox>
	</object>
	<object>
		<name>due</name>
		<pose>Unspecified</pose>
		<truncated>0</truncated>
		<difficult>0</difficult>
		<bndbox>
			<xmax>420</xmax>
			<xmin>385</xmin>
			<ymax>95</ymax>
			<ymin>37</ymin>
		</bndbox>
	</object>
	<object>
		<name>uno</name>
		<pose>Unspecified</pose>
		<truncated>0</truncated>
		<difficult>0</difficult>
		<bndbox>
			<xmax>488</xmax>
			<xmin>474</xmin>
			<ymax>88</ymax>
			<ymin>38</ymin>
		</bndbox>
	</object>
	<object>
		<name>sei</name>
		<pose>Unspecified</pose>
		<truncated>0</truncated>
		<difficult>0</difficult>
		<bndbox>
			<xmax>560</xmax>
			<xmin>540</xmin>
			<ymax>84</ymax>
			<ymin>38</ymin>
		</bndbox>
	</object>
</annotation>