<annotation>
	<folder>VOC2010</folder>
	<filename>00450000100541_0.jpg</filename>
	<source>
		<database>DICOM VOC2010 compatible Annotation Database</database>
		<annotation>Department of Computer Science and Communication</annotation>
		<image>University of Insubria</image>
	</source>
	<size>
		<width>619</width>
		<height>78</height>
		<depth>3</depth>
	</size>
	<segmented>1</segmented>
	<object>
		<name>due</name>
		<pose>Unspecified</pose>
		<truncated>0</truncated>
		<difficult>0</difficult>
		<bndbox>
			<xmax>135</xmax>
			<xmin>110</xmin>
			<ymax>68</ymax>
			<ymin>26</ymin>
		</bndbox>
	</object>
	<object>
		<name>cinque</name>
		<pose>Unspecified</pose>
		<truncated>0</truncated>
		<difficult>0</difficult>
		<bndbox>
			<xmax>197</xmax>
			<xmin>170</xmin>
			<ymax>68</ymax>
			<ymin>26</ymin>
		</bndbox>
	</object>
	<object>
		<name>quattro</name>
		<pose>Unspecified</pose>
		<truncated>0</truncated>
		<difficult>0</difficult>
		<bndbox>
			<xmax>260</xmax>
			<xmin>236</xmin>
			<ymax>67</ymax>
			<ymin>24</ymin>
		</bndbox>
	</object>
	<object>
		<name>quattro</name>
		<pose>Unspecified</pose>
		<truncated>0</truncated>
		<difficult>0</difficult>
		<bndbox>
			<xmax>324</xmax>
			<xmin>296</xmin>
			<ymax>68</ymax>
			<ymin>25</ymin>
		</bndbox>
	</object>
	<object>
		<name>sette</name>
		<pose>Unspecified</pose>
		<truncated>0</truncated>
		<difficult>0</difficult>
		<bndbox>
			<xmax>384</xmax>
			<xmin>358</xmin>
			<ymax>68</ymax>
			<ymin>24</ymin>
		</bndbox>
	</object>
	<object>
		<name>quattro</name>
		<pose>Unspecified</pose>
		<truncated>0</truncated>
		<difficult>0</difficult>
		<bndbox>
			<xmax>449</xmax>
			<xmin>423</xmin>
			<ymax>66</ymax>
			<ymin>24</ymin>
		</bndbox>
	</object>
	<object>
		<name>due</name>
		<pose>Unspecified</pose>
		<truncated>0</truncated>
		<difficult>0</difficult>
		<bndbox>
			<xmax>512</xmax>
			<xmin>488</xmin>
			<ymax>66</ymax>
			<ymin>25</ymin>
		</bndbox>
	</object>
</annotation>