<annotation>
	<folder>VOC2010</folder>
	<filename>00450000303786_0_Meter_0.jpg</filename>
	<source>
		<database>DICOM VOC2010 compatible Annotation Database</database>
		<annotation>Department of Computer Science and Communication</annotation>
		<image>University of Insubria</image>
	</source>
	<size>
		<width>533</width>
		<height>133</height>
		<depth>3</depth>
	</size>
	<segmented>1</segmented>
	<object>
		<name>zero</name>
		<pose>Unspecified</pose>
		<truncated>0</truncated>
		<difficult>0</difficult>
		<bndbox>
			<xmax>44</xmax>
			<xmin>0</xmin>
			<ymax>120</ymax>
			<ymin>57</ymin>
		</bndbox>
	</object>
	<object>
		<name>cinque</name>
		<pose>Unspecified</pose>
		<truncated>0</truncated>
		<difficult>0</difficult>
		<bndbox>
			<xmax>132</xmax>
			<xmin>84</xmin>
			<ymax>110</ymax>
			<ymin>45</ymin>
		</bndbox>
	</object>
	<object>
		<name>sette</name>
		<pose>Unspecified</pose>
		<truncated>0</truncated>
		<difficult>0</difficult>
		<bndbox>
			<xmax>215</xmax>
			<xmin>180</xmin>
			<ymax>99</ymax>
			<ymin>41</ymin>
		</bndbox>
	</object>
	<object>
		<name>cinque</name>
		<pose>Unspecified</pose>
		<truncated>0</truncated>
		<difficult>0</difficult>
		<bndbox>
			<xmax>320</xmax>
			<xmin>272</xmin>
			<ymax>90</ymax>
			<ymin>24</ymin>
		</bndbox>
	</object>
	<object>
		<name>due</name>
		<pose>Unspecified</pose>
		<truncated>0</truncated>
		<difficult>0</difficult>
		<bndbox>
			<xmax>410</xmax>
			<xmin>369</xmin>
			<ymax>80</ymax>
			<ymin>13</ymin>
		</bndbox>
	</object>
	<object>
		<name>sette</name>
		<pose>Unspecified</pose>
		<truncated>0</truncated>
		<difficult>0</difficult>
		<bndbox>
			<xmax>506</xmax>
			<xmin>470</xmin>
			<ymax>82</ymax>
			<ymin>23</ymin>
		</bndbox>
	</object>
</annotation>