<annotation>
	<folder>VOC2010</folder>
	<filename>00450000203353_0_Meter_0.jpg</filename>
	<source>
		<database>DICOM VOC2010 compatible Annotation Database</database>
		<annotation>Department of Computer Science and Communication</annotation>
		<image>University of Insubria</image>
	</source>
	<size>
		<width>267</width>
		<height>53</height>
		<depth>3</depth>
	</size>
	<segmented>1</segmented>
	<object>
		<name>zero</name>
		<pose>Unspecified</pose>
		<truncated>0</truncated>
		<difficult>0</difficult>
		<bndbox>
			<xmax>26</xmax>
			<xmin>17</xmin>
			<ymax>20</ymax>
			<ymin>2</ymin>
		</bndbox>
	</object>
	<object>
		<name>tre</name>
		<pose>Unspecified</pose>
		<truncated>0</truncated>
		<difficult>0</difficult>
		<bndbox>
			<xmax>52</xmax>
			<xmin>43</xmin>
			<ymax>24</ymax>
			<ymin>6</ymin>
		</bndbox>
	</object>
	<object>
		<name>zero</name>
		<pose>Unspecified</pose>
		<truncated>0</truncated>
		<difficult>0</difficult>
		<bndbox>
			<xmax>80</xmax>
			<xmin>70</xmin>
			<ymax>26</ymax>
			<ymin>6</ymin>
		</bndbox>
	</object>
	<object>
		<name>uno</name>
		<pose>Unspecified</pose>
		<truncated>0</truncated>
		<difficult>0</difficult>
		<bndbox>
			<xmax>104</xmax>
			<xmin>98</xmin>
			<ymax>23</ymax>
			<ymin>8</ymin>
		</bndbox>
	</object>
	<object>
		<name>uno</name>
		<pose>Unspecified</pose>
		<truncated>0</truncated>
		<difficult>0</difficult>
		<bndbox>
			<xmax>130</xmax>
			<xmin>124</xmin>
			<ymax>26</ymax>
			<ymin>10</ymin>
		</bndbox>
	</object>
	<object>
		<name>due</name>
		<pose>Unspecified</pose>
		<truncated>0</truncated>
		<difficult>0</difficult>
		<bndbox>
			<xmax>160</xmax>
			<xmin>150</xmin>
			<ymax>29</ymax>
			<ymin>11</ymin>
		</bndbox>
	</object>
	<object>
		<name>uno</name>
		<pose>Unspecified</pose>
		<truncated>0</truncated>
		<difficult>0</difficult>
		<bndbox>
			<xmax>185</xmax>
			<xmin>178</xmin>
			<ymax>30</ymax>
			<ymin>12</ymin>
		</bndbox>
	</object>
</annotation>