<annotation>
	<folder>VOC2010</folder>
	<filename>00450000102049_0_Meter_0.jpg</filename>
	<source>
		<database>DICOM VOC2010 compatible Annotation Database</database>
		<annotation>Department of Computer Science and Communication</annotation>
		<image>University of Insubria</image>
	</source>
	<size>
		<width>480</width>
		<height>80</height>
		<depth>3</depth>
	</size>
	<segmented>1</segmented>
	<object>
		<name>zero</name>
		<pose>Unspecified</pose>
		<truncated>0</truncated>
		<difficult>0</difficult>
		<bndbox>
			<xmax>54</xmax>
			<xmin>34</xmin>
			<ymax>56</ymax>
			<ymin>18</ymin>
		</bndbox>
	</object>
	<object>
		<name>sei</name>
		<pose>Unspecified</pose>
		<truncated>0</truncated>
		<difficult>0</difficult>
		<bndbox>
			<xmax>108</xmax>
			<xmin>88</xmin>
			<ymax>56</ymax>
			<ymin>20</ymin>
		</bndbox>
	</object>
	<object>
		<name>sei</name>
		<pose>Unspecified</pose>
		<truncated>0</truncated>
		<difficult>0</difficult>
		<bndbox>
			<xmax>162</xmax>
			<xmin>140</xmin>
			<ymax>64</ymax>
			<ymin>28</ymin>
		</bndbox>
	</object>
	<object>
		<name>zero</name>
		<pose>Unspecified</pose>
		<truncated>0</truncated>
		<difficult>0</difficult>
		<bndbox>
			<xmax>216</xmax>
			<xmin>192</xmin>
			<ymax>60</ymax>
			<ymin>22</ymin>
		</bndbox>
	</object>
	<object>
		<name>due</name>
		<pose>Unspecified</pose>
		<truncated>0</truncated>
		<difficult>0</difficult>
		<bndbox>
			<xmax>268</xmax>
			<xmin>247</xmin>
			<ymax>61</ymax>
			<ymin>26</ymin>
		</bndbox>
	</object>
	<object>
		<name>due</name>
		<pose>Unspecified</pose>
		<truncated>0</truncated>
		<difficult>0</difficult>
		<bndbox>
			<xmax>318</xmax>
			<xmin>300</xmin>
			<ymax>61</ymax>
			<ymin>24</ymin>
		</bndbox>
	</object>
	<object>
		<name>due</name>
		<pose>Unspecified</pose>
		<truncated>0</truncated>
		<difficult>0</difficult>
		<bndbox>
			<xmax>374</xmax>
			<xmin>356</xmin>
			<ymax>57</ymax>
			<ymin>22</ymin>
		</bndbox>
	</object>
	<object>
		<name>otto</name>
		<pose>Unspecified</pose>
		<truncated>0</truncated>
		<difficult>0</difficult>
		<bndbox>
			<xmax>426</xmax>
			<xmin>408</xmin>
			<ymax>50</ymax>
			<ymin>14</ymin>
		</bndbox>
	</object>
</annotation>