<annotation>
	<folder>VOC2010</folder>
	<filename>00450000100512_0.jpg</filename>
	<source>
		<database>DICOM VOC2010 compatible Annotation Database</database>
		<annotation>Department of Computer Science and Communication</annotation>
		<image>University of Insubria</image>
	</source>
	<size>
		<width>562</width>
		<height>118</height>
		<depth>3</depth>
	</size>
	<segmented>1</segmented>
	<object>
		<name>nove</name>
		<pose>Unspecified</pose>
		<truncated>0</truncated>
		<difficult>0</difficult>
		<bndbox>
			<xmax>121</xmax>
			<xmin>98</xmin>
			<ymax>90</ymax>
			<ymin>50</ymin>
		</bndbox>
	</object>
	<object>
		<name>tre</name>
		<pose>Unspecified</pose>
		<truncated>0</truncated>
		<difficult>0</difficult>
		<bndbox>
			<xmax>187</xmax>
			<xmin>167</xmin>
			<ymax>90</ymax>
			<ymin>50</ymin>
		</bndbox>
	</object>
	<object>
		<name>uno</name>
		<pose>Unspecified</pose>
		<truncated>0</truncated>
		<difficult>0</difficult>
		<bndbox>
			<xmax>246</xmax>
			<xmin>238</xmin>
			<ymax>92</ymax>
			<ymin>54</ymin>
		</bndbox>
	</object>
	<object>
		<name>zero</name>
		<pose>Unspecified</pose>
		<truncated>0</truncated>
		<difficult>0</difficult>
		<bndbox>
			<xmax>316</xmax>
			<xmin>292</xmin>
			<ymax>88</ymax>
			<ymin>50</ymin>
		</bndbox>
	</object>
	<object>
		<name>quattro</name>
		<pose>Unspecified</pose>
		<truncated>0</truncated>
		<difficult>0</difficult>
		<bndbox>
			<xmax>382</xmax>
			<xmin>358</xmin>
			<ymax>86</ymax>
			<ymin>44</ymin>
		</bndbox>
	</object>
	<object>
		<name>nove</name>
		<pose>Unspecified</pose>
		<truncated>0</truncated>
		<difficult>0</difficult>
		<bndbox>
			<xmax>447</xmax>
			<xmin>425</xmin>
			<ymax>82</ymax>
			<ymin>42</ymin>
		</bndbox>
	</object>
</annotation>