<annotation>
	<folder>VOC2010</folder>
	<filename>00450000202444_0_Meter_0.jpg</filename>
	<source>
		<database>DICOM VOC2010 compatible Annotation Database</database>
		<annotation>Department of Computer Science and Communication</annotation>
		<image>University of Insubria</image>
	</source>
	<size>
		<width>587</width>
		<height>107</height>
		<depth>3</depth>
	</size>
	<segmented>1</segmented>
	<object>
		<name>due</name>
		<pose>Unspecified</pose>
		<truncated>0</truncated>
		<difficult>0</difficult>
		<bndbox>
			<xmax>85</xmax>
			<xmin>61</xmin>
			<ymax>68</ymax>
			<ymin>24</ymin>
		</bndbox>
	</object>
	<object>
		<name>due</name>
		<pose>Unspecified</pose>
		<truncated>0</truncated>
		<difficult>0</difficult>
		<bndbox>
			<xmax>158</xmax>
			<xmin>132</xmin>
			<ymax>70</ymax>
			<ymin>26</ymin>
		</bndbox>
	</object>
	<object>
		<name>quattro</name>
		<pose>Unspecified</pose>
		<truncated>0</truncated>
		<difficult>0</difficult>
		<bndbox>
			<xmax>230</xmax>
			<xmin>202</xmin>
			<ymax>70</ymax>
			<ymin>30</ymin>
		</bndbox>
	</object>
	<object>
		<name>quattro</name>
		<pose>Unspecified</pose>
		<truncated>0</truncated>
		<difficult>0</difficult>
		<bndbox>
			<xmax>298</xmax>
			<xmin>271</xmin>
			<ymax>72</ymax>
			<ymin>29</ymin>
		</bndbox>
	</object>
	<object>
		<name>sette</name>
		<pose>Unspecified</pose>
		<truncated>0</truncated>
		<difficult>0</difficult>
		<bndbox>
			<xmax>368</xmax>
			<xmin>340</xmin>
			<ymax>71</ymax>
			<ymin>29</ymin>
		</bndbox>
	</object>
	<object>
		<name>otto</name>
		<pose>Unspecified</pose>
		<truncated>0</truncated>
		<difficult>0</difficult>
		<bndbox>
			<xmax>434</xmax>
			<xmin>408</xmin>
			<ymax>74</ymax>
			<ymin>30</ymin>
		</bndbox>
	</object>
	<object>
		<name>nove</name>
		<pose>Unspecified</pose>
		<truncated>0</truncated>
		<difficult>0</difficult>
		<bndbox>
			<xmax>502</xmax>
			<xmin>476</xmin>
			<ymax>73</ymax>
			<ymin>31</ymin>
		</bndbox>
	</object>
</annotation>