<annotation>
	<folder>VOC2010</folder>
	<filename>00450000202698_0.jpg</filename>
	<source>
		<database>DICOM VOC2010 compatible Annotation Database</database>
		<annotation>Department of Computer Science and Communication</annotation>
		<image>University of Insubria</image>
	</source>
	<size>
		<width>340</width>
		<height>74</height>
		<depth>3</depth>
	</size>
	<segmented>1</segmented>
	<object>
		<name>due</name>
		<pose>Unspecified</pose>
		<truncated>0</truncated>
		<difficult>0</difficult>
		<bndbox>
			<xmax>26</xmax>
			<xmin>10</xmin>
			<ymax>36</ymax>
			<ymin>8</ymin>
		</bndbox>
	</object>
	<object>
		<name>quattro</name>
		<pose>Unspecified</pose>
		<truncated>0</truncated>
		<difficult>0</difficult>
		<bndbox>
			<xmax>66</xmax>
			<xmin>52</xmin>
			<ymax>41</ymax>
			<ymin>17</ymin>
		</bndbox>
	</object>
	<object>
		<name>tre</name>
		<pose>Unspecified</pose>
		<truncated>0</truncated>
		<difficult>0</difficult>
		<bndbox>
			<xmax>106</xmax>
			<xmin>92</xmin>
			<ymax>44</ymax>
			<ymin>18</ymin>
		</bndbox>
	</object>
	<object>
		<name>due</name>
		<pose>Unspecified</pose>
		<truncated>0</truncated>
		<difficult>0</difficult>
		<bndbox>
			<xmax>150</xmax>
			<xmin>133</xmin>
			<ymax>46</ymax>
			<ymin>20</ymin>
		</bndbox>
	</object>
	<object>
		<name>uno</name>
		<pose>Unspecified</pose>
		<truncated>0</truncated>
		<difficult>0</difficult>
		<bndbox>
			<xmax>186</xmax>
			<xmin>180</xmin>
			<ymax>49</ymax>
			<ymin>25</ymin>
		</bndbox>
	</object>
	<object>
		<name>quattro</name>
		<pose>Unspecified</pose>
		<truncated>0</truncated>
		<difficult>0</difficult>
		<bndbox>
			<xmax>236</xmax>
			<xmin>218</xmin>
			<ymax>52</ymax>
			<ymin>27</ymin>
		</bndbox>
	</object>
</annotation>