<annotation>
	<folder>VOC2010</folder>
	<filename>00450000100544_0_Meter_0.jpg</filename>
	<source>
		<database>DICOM VOC2010 compatible Annotation Database</database>
		<annotation>Department of Computer Science and Communication</annotation>
		<image>University of Insubria</image>
	</source>
	<size>
		<width>533</width>
		<height>107</height>
		<depth>3</depth>
	</size>
	<segmented>1</segmented>
	<object>
		<name>zero</name>
		<pose>Unspecified</pose>
		<truncated>0</truncated>
		<difficult>0</difficult>
		<bndbox>
			<xmax>78</xmax>
			<xmin>52</xmin>
			<ymax>80</ymax>
			<ymin>34</ymin>
		</bndbox>
	</object>
	<object>
		<name>otto</name>
		<pose>Unspecified</pose>
		<truncated>0</truncated>
		<difficult>0</difficult>
		<bndbox>
			<xmax>142</xmax>
			<xmin>118</xmin>
			<ymax>84</ymax>
			<ymin>38</ymin>
		</bndbox>
	</object>
	<object>
		<name>sei</name>
		<pose>Unspecified</pose>
		<truncated>0</truncated>
		<difficult>0</difficult>
		<bndbox>
			<xmax>208</xmax>
			<xmin>184</xmin>
			<ymax>88</ymax>
			<ymin>44</ymin>
		</bndbox>
	</object>
	<object>
		<name>uno</name>
		<pose>Unspecified</pose>
		<truncated>0</truncated>
		<difficult>0</difficult>
		<bndbox>
			<xmax>269</xmax>
			<xmin>256</xmin>
			<ymax>82</ymax>
			<ymin>40</ymin>
		</bndbox>
	</object>
	<object>
		<name>uno</name>
		<pose>Unspecified</pose>
		<truncated>0</truncated>
		<difficult>0</difficult>
		<bndbox>
			<xmax>333</xmax>
			<xmin>320</xmin>
			<ymax>84</ymax>
			<ymin>42</ymin>
		</bndbox>
	</object>
	<object>
		<name>sei</name>
		<pose>Unspecified</pose>
		<truncated>0</truncated>
		<difficult>0</difficult>
		<bndbox>
			<xmax>408</xmax>
			<xmin>378</xmin>
			<ymax>82</ymax>
			<ymin>36</ymin>
		</bndbox>
	</object>
	<object>
		<name>due</name>
		<pose>Unspecified</pose>
		<truncated>0</truncated>
		<difficult>0</difficult>
		<bndbox>
			<xmax>472</xmax>
			<xmin>446</xmin>
			<ymax>82</ymax>
			<ymin>38</ymin>
		</bndbox>
	</object>
	<object>
		<name>due</name>
		<pose>Unspecified</pose>
		<truncated>0</truncated>
		<difficult>0</difficult>
		<bndbox>
			<xmax>532</xmax>
			<xmin>516</xmin>
			<ymax>76</ymax>
			<ymin>32</ymin>
		</bndbox>
	</object>
</annotation>