<annotation>
	<folder>VOC2010</folder>
	<filename>00450000100512_0_Meter_0.jpg</filename>
	<source>
		<database>DICOM VOC2010 compatible Annotation Database</database>
		<annotation>Department of Computer Science and Communication</annotation>
		<image>University of Insubria</image>
	</source>
	<size>
		<width>533</width>
		<height>80</height>
		<depth>3</depth>
	</size>
	<segmented>1</segmented>
	<object>
		<name>nove</name>
		<pose>Unspecified</pose>
		<truncated>0</truncated>
		<difficult>0</difficult>
		<bndbox>
			<xmax>96</xmax>
			<xmin>70</xmin>
			<ymax>64</ymax>
			<ymin>24</ymin>
		</bndbox>
	</object>
	<object>
		<name>tre</name>
		<pose>Unspecified</pose>
		<truncated>0</truncated>
		<difficult>0</difficult>
		<bndbox>
			<xmax>161</xmax>
			<xmin>136</xmin>
			<ymax>66</ymax>
			<ymin>24</ymin>
		</bndbox>
	</object>
	<object>
		<name>tre</name>
		<pose>Unspecified</pose>
		<truncated>0</truncated>
		<difficult>0</difficult>
		<bndbox>
			<xmax>28</xmax>
			<xmin>8</xmin>
			<ymax>62</ymax>
			<ymin>17</ymin>
		</bndbox>
	</object>
	<object>
		<name>uno</name>
		<pose>Unspecified</pose>
		<truncated>0</truncated>
		<difficult>0</difficult>
		<bndbox>
			<xmax>220</xmax>
			<xmin>208</xmin>
			<ymax>68</ymax>
			<ymin>30</ymin>
		</bndbox>
	</object>
	<object>
		<name>zero</name>
		<pose>Unspecified</pose>
		<truncated>0</truncated>
		<difficult>0</difficult>
		<bndbox>
			<xmax>291</xmax>
			<xmin>266</xmin>
			<ymax>66</ymax>
			<ymin>22</ymin>
		</bndbox>
	</object>
	<object>
		<name>quattro</name>
		<pose>Unspecified</pose>
		<truncated>0</truncated>
		<difficult>0</difficult>
		<bndbox>
			<xmax>354</xmax>
			<xmin>331</xmin>
			<ymax>60</ymax>
			<ymin>20</ymin>
		</bndbox>
	</object>
	<object>
		<name>nove</name>
		<pose>Unspecified</pose>
		<truncated>0</truncated>
		<difficult>0</difficult>
		<bndbox>
			<xmax>420</xmax>
			<xmin>398</xmin>
			<ymax>57</ymax>
			<ymin>18</ymin>
		</bndbox>
	</object>
	<object>
		<name>quattro</name>
		<pose>Unspecified</pose>
		<truncated>0</truncated>
		<difficult>0</difficult>
		<bndbox>
			<xmax>478</xmax>
			<xmin>461</xmin>
			<ymax>63</ymax>
			<ymin>32</ymin>
		</bndbox>
	</object>
</annotation>