<annotation>
	<folder>VOC2010</folder>
	<filename>00450000100753_0.jpg</filename>
	<source>
		<database>DICOM VOC2010 compatible Annotation Database</database>
		<annotation>Department of Computer Science and Communication</annotation>
		<image>University of Insubria</image>
	</source>
	<size>
		<width>585</width>
		<height>94</height>
		<depth>3</depth>
	</size>
	<segmented>1</segmented>
	<object>
		<name>sei</name>
		<pose>Unspecified</pose>
		<truncated>0</truncated>
		<difficult>0</difficult>
		<bndbox>
			<xmax>94</xmax>
			<xmin>66</xmin>
			<ymax>86</ymax>
			<ymin>28</ymin>
		</bndbox>
	</object>
	<object>
		<name>sette</name>
		<pose>Unspecified</pose>
		<truncated>0</truncated>
		<difficult>0</difficult>
		<bndbox>
			<xmax>174</xmax>
			<xmin>146</xmin>
			<ymax>78</ymax>
			<ymin>20</ymin>
		</bndbox>
	</object>
	<object>
		<name>nove</name>
		<pose>Unspecified</pose>
		<truncated>0</truncated>
		<difficult>0</difficult>
		<bndbox>
			<xmax>258</xmax>
			<xmin>226</xmin>
			<ymax>75</ymax>
			<ymin>20</ymin>
		</bndbox>
	</object>
	<object>
		<name>sette</name>
		<pose>Unspecified</pose>
		<truncated>0</truncated>
		<difficult>0</difficult>
		<bndbox>
			<xmax>336</xmax>
			<xmin>306</xmin>
			<ymax>76</ymax>
			<ymin>16</ymin>
		</bndbox>
	</object>
	<object>
		<name>due</name>
		<pose>Unspecified</pose>
		<truncated>0</truncated>
		<difficult>0</difficult>
		<bndbox>
			<xmax>418</xmax>
			<xmin>386</xmin>
			<ymax>74</ymax>
			<ymin>16</ymin>
		</bndbox>
	</object>
	<object>
		<name>uno</name>
		<pose>Unspecified</pose>
		<truncated>0</truncated>
		<difficult>0</difficult>
		<bndbox>
			<xmax>488</xmax>
			<xmin>472</xmin>
			<ymax>67</ymax>
			<ymin>12</ymin>
		</bndbox>
	</object>
	<object>
		<name>sei</name>
		<pose>Unspecified</pose>
		<truncated>0</truncated>
		<difficult>0</difficult>
		<bndbox>
			<xmax>567</xmax>
			<xmin>542</xmin>
			<ymax>64</ymax>
			<ymin>15</ymin>
		</bndbox>
	</object>
</annotation>