<annotation>
	<folder>VOC2010</folder>
	<filename>00450000303786_0.jpg</filename>
	<source>
		<database>DICOM VOC2010 compatible Annotation Database</database>
		<annotation>Department of Computer Science and Communication</annotation>
		<image>University of Insubria</image>
	</source>
	<size>
		<width>593</width>
		<height>126</height>
		<depth>3</depth>
	</size>
	<segmented>1</segmented>
	<object>
		<name>zero</name>
		<pose>Unspecified</pose>
		<truncated>0</truncated>
		<difficult>0</difficult>
		<bndbox>
			<xmax>74</xmax>
			<xmin>29</xmin>
			<ymax>115</ymax>
			<ymin>50</ymin>
		</bndbox>
	</object>
	<object>
		<name>cinque</name>
		<pose>Unspecified</pose>
		<truncated>0</truncated>
		<difficult>0</difficult>
		<bndbox>
			<xmax>161</xmax>
			<xmin>115</xmin>
			<ymax>106</ymax>
			<ymin>38</ymin>
		</bndbox>
	</object>
	<object>
		<name>sette</name>
		<pose>Unspecified</pose>
		<truncated>0</truncated>
		<difficult>0</difficult>
		<bndbox>
			<xmax>247</xmax>
			<xmin>208</xmin>
			<ymax>97</ymax>
			<ymin>34</ymin>
		</bndbox>
	</object>
	<object>
		<name>cinque</name>
		<pose>Unspecified</pose>
		<truncated>0</truncated>
		<difficult>0</difficult>
		<bndbox>
			<xmax>352</xmax>
			<xmin>302</xmin>
			<ymax>87</ymax>
			<ymin>20</ymin>
		</bndbox>
	</object>
	<object>
		<name>due</name>
		<pose>Unspecified</pose>
		<truncated>0</truncated>
		<difficult>0</difficult>
		<bndbox>
			<xmax>442</xmax>
			<xmin>397</xmin>
			<ymax>77</ymax>
			<ymin>10</ymin>
		</bndbox>
	</object>
	<object>
		<name>sette</name>
		<pose>Unspecified</pose>
		<truncated>0</truncated>
		<difficult>0</difficult>
		<bndbox>
			<xmax>538</xmax>
			<xmin>496</xmin>
			<ymax>80</ymax>
			<ymin>20</ymin>
		</bndbox>
	</object>
</annotation>