<annotation>
	<folder>VOC2010</folder>
	<filename>00450000101158_0.jpg</filename>
	<source>
		<database>DICOM VOC2010 compatible Annotation Database</database>
		<annotation>Department of Computer Science and Communication</annotation>
		<image>University of Insubria</image>
	</source>
	<size>
		<width>432</width>
		<height>61</height>
		<depth>3</depth>
	</size>
	<segmented>1</segmented>
	<object>
		<name>uno</name>
		<pose>Unspecified</pose>
		<truncated>0</truncated>
		<difficult>0</difficult>
		<bndbox>
			<xmax>52</xmax>
			<xmin>39</xmin>
			<ymax>58</ymax>
			<ymin>28</ymin>
		</bndbox>
	</object>
	<object>
		<name>cinque</name>
		<pose>Unspecified</pose>
		<truncated>0</truncated>
		<difficult>0</difficult>
		<bndbox>
			<xmax>106</xmax>
			<xmin>88</xmin>
			<ymax>56</ymax>
			<ymin>22</ymin>
		</bndbox>
	</object>
	<object>
		<name>uno</name>
		<pose>Unspecified</pose>
		<truncated>0</truncated>
		<difficult>0</difficult>
		<bndbox>
			<xmax>147</xmax>
			<xmin>134</xmin>
			<ymax>54</ymax>
			<ymin>24</ymin>
		</bndbox>
	</object>
	<object>
		<name>tre</name>
		<pose>Unspecified</pose>
		<truncated>0</truncated>
		<difficult>0</difficult>
		<bndbox>
			<xmax>200</xmax>
			<xmin>182</xmin>
			<ymax>53</ymax>
			<ymin>22</ymin>
		</bndbox>
	</object>
	<object>
		<name>sei</name>
		<pose>Unspecified</pose>
		<truncated>0</truncated>
		<difficult>0</difficult>
		<bndbox>
			<xmax>250</xmax>
			<xmin>228</xmin>
			<ymax>50</ymax>
			<ymin>20</ymin>
		</bndbox>
	</object>
	<object>
		<name>otto</name>
		<pose>Unspecified</pose>
		<truncated>0</truncated>
		<difficult>0</difficult>
		<bndbox>
			<xmax>296</xmax>
			<xmin>278</xmin>
			<ymax>50</ymax>
			<ymin>18</ymin>
		</bndbox>
	</object>
	<object>
		<name>sei</name>
		<pose>Unspecified</pose>
		<truncated>0</truncated>
		<difficult>0</difficult>
		<bndbox>
			<xmax>342</xmax>
			<xmin>323</xmin>
			<ymax>47</ymax>
			<ymin>16</ymin>
		</bndbox>
	</object>
	<object>
		<name>zero</name>
		<pose>Unspecified</pose>
		<truncated>0</truncated>
		<difficult>0</difficult>
		<bndbox>
			<xmax>388</xmax>
			<xmin>368</xmin>
			<ymax>43</ymax>
			<ymin>12</ymin>
		</bndbox>
	</object>
</annotation>