<annotation>
	<folder>VOC2010</folder>
	<filename>00450000203199_0.jpg</filename>
	<source>
		<database>DICOM VOC2010 compatible Annotation Database</database>
		<annotation>Department of Computer Science and Communication</annotation>
		<image>University of Insubria</image>
	</source>
	<size>
		<width>404</width>
		<height>63</height>
		<depth>3</depth>
	</size>
	<segmented>1</segmented>
	<object>
		<name>due</name>
		<pose>Unspecified</pose>
		<truncated>0</truncated>
		<difficult>0</difficult>
		<bndbox>
			<xmax>56</xmax>
			<xmin>38</xmin>
			<ymax>39</ymax>
			<ymin>9</ymin>
		</bndbox>
	</object>
	<object>
		<name>sette</name>
		<pose>Unspecified</pose>
		<truncated>0</truncated>
		<difficult>0</difficult>
		<bndbox>
			<xmax>98</xmax>
			<xmin>82</xmin>
			<ymax>40</ymax>
			<ymin>12</ymin>
		</bndbox>
	</object>
	<object>
		<name>cinque</name>
		<pose>Unspecified</pose>
		<truncated>0</truncated>
		<difficult>0</difficult>
		<bndbox>
			<xmax>146</xmax>
			<xmin>128</xmin>
			<ymax>44</ymax>
			<ymin>14</ymin>
		</bndbox>
	</object>
	<object>
		<name>sette</name>
		<pose>Unspecified</pose>
		<truncated>0</truncated>
		<difficult>0</difficult>
		<bndbox>
			<xmax>192</xmax>
			<xmin>176</xmin>
			<ymax>46</ymax>
			<ymin>16</ymin>
		</bndbox>
	</object>
	<object>
		<name>due</name>
		<pose>Unspecified</pose>
		<truncated>0</truncated>
		<difficult>0</difficult>
		<bndbox>
			<xmax>242</xmax>
			<xmin>223</xmin>
			<ymax>46</ymax>
			<ymin>15</ymin>
		</bndbox>
	</object>
	<object>
		<name>otto</name>
		<pose>Unspecified</pose>
		<truncated>0</truncated>
		<difficult>0</difficult>
		<bndbox>
			<xmax>290</xmax>
			<xmin>268</xmin>
			<ymax>48</ymax>
			<ymin>15</ymin>
		</bndbox>
	</object>
	<object>
		<name>tre</name>
		<pose>Unspecified</pose>
		<truncated>0</truncated>
		<difficult>0</difficult>
		<bndbox>
			<xmax>338</xmax>
			<xmin>318</xmin>
			<ymax>48</ymax>
			<ymin>18</ymin>
		</bndbox>
	</object>
	<object>
		<name>quattro</name>
		<pose>Unspecified</pose>
		<truncated>0</truncated>
		<difficult>0</difficult>
		<bndbox>
			<xmax>388</xmax>
			<xmin>370</xmin>
			<ymax>43</ymax>
			<ymin>17</ymin>
		</bndbox>
	</object>
</annotation>