<annotation>
	<folder>VOC2010</folder>
	<filename>00450000100543_0_Meter_0.jpg</filename>
	<source>
		<database>DICOM VOC2010 compatible Annotation Database</database>
		<annotation>Department of Computer Science and Communication</annotation>
		<image>University of Insubria</image>
	</source>
	<size>
		<width>587</width>
		<height>80</height>
		<depth>3</depth>
	</size>
	<segmented>1</segmented>
	<object>
		<name>cinque</name>
		<pose>Unspecified</pose>
		<truncated>0</truncated>
		<difficult>0</difficult>
		<bndbox>
			<xmax>54</xmax>
			<xmin>30</xmin>
			<ymax>60</ymax>
			<ymin>9</ymin>
		</bndbox>
	</object>
	<object>
		<name>otto</name>
		<pose>Unspecified</pose>
		<truncated>0</truncated>
		<difficult>0</difficult>
		<bndbox>
			<xmax>449</xmax>
			<xmin>422</xmin>
			<ymax>62</ymax>
			<ymin>8</ymin>
		</bndbox>
	</object>
	<object>
		<name>cinque</name>
		<pose>Unspecified</pose>
		<truncated>0</truncated>
		<difficult>0</difficult>
		<bndbox>
			<xmax>530</xmax>
			<xmin>501</xmin>
			<ymax>61</ymax>
			<ymin>7</ymin>
		</bndbox>
	</object>
</annotation>