<annotation>
	<folder>VOC2010</folder>
	<filename>00883201357450_0_Meter_1.jpg</filename>
	<source>
		<database>DICOM VOC2010 compatible Annotation Database</database>
		<annotation>Department of Computer Science and Communication</annotation>
		<image>University of Insubria</image>
	</source>
	<size>
		<width>320</width>
		<height>53</height>
		<depth>3</depth>
	</size>
	<segmented>1</segmented>
	<object>
		<name>zero</name>
		<pose>Unspecified</pose>
		<truncated>0</truncated>
		<difficult>0</difficult>
		<bndbox>
			<xmax>24</xmax>
			<xmin>10</xmin>
			<ymax>34</ymax>
			<ymin>12</ymin>
		</bndbox>
	</object>
	<object>
		<name>zero</name>
		<pose>Unspecified</pose>
		<truncated>0</truncated>
		<difficult>0</difficult>
		<bndbox>
			<xmax>61</xmax>
			<xmin>44</xmin>
			<ymax>36</ymax>
			<ymin>10</ymin>
		</bndbox>
	</object>
	<object>
		<name>otto</name>
		<pose>Unspecified</pose>
		<truncated>0</truncated>
		<difficult>0</difficult>
		<bndbox>
			<xmax>94</xmax>
			<xmin>82</xmin>
			<ymax>34</ymax>
			<ymin>12</ymin>
		</bndbox>
	</object>
	<object>
		<name>otto</name>
		<pose>Unspecified</pose>
		<truncated>0</truncated>
		<difficult>0</difficult>
		<bndbox>
			<xmax>128</xmax>
			<xmin>116</xmin>
			<ymax>34</ymax>
			<ymin>13</ymin>
		</bndbox>
	</object>
	<object>
		<name>zero</name>
		<pose>Unspecified</pose>
		<truncated>0</truncated>
		<difficult>0</difficult>
		<bndbox>
			<xmax>164</xmax>
			<xmin>148</xmin>
			<ymax>36</ymax>
			<ymin>13</ymin>
		</bndbox>
	</object>
	<object>
		<name>cinque</name>
		<pose>Unspecified</pose>
		<truncated>0</truncated>
		<difficult>0</difficult>
		<bndbox>
			<xmax>197</xmax>
			<xmin>184</xmin>
			<ymax>38</ymax>
			<ymin>15</ymin>
		</bndbox>
	</object>
	<object>
		<name>due</name>
		<pose>Unspecified</pose>
		<truncated>0</truncated>
		<difficult>0</difficult>
		<bndbox>
			<xmax>230</xmax>
			<xmin>216</xmin>
			<ymax>38</ymax>
			<ymin>18</ymin>
		</bndbox>
	</object>
	<object>
		<name>tre</name>
		<pose>Unspecified</pose>
		<truncated>0</truncated>
		<difficult>0</difficult>
		<bndbox>
			<xmax>264</xmax>
			<xmin>250</xmin>
			<ymax>38</ymax>
			<ymin>18</ymin>
		</bndbox>
	</object>
</annotation>