<annotation>
	<folder>VOC2010</folder>
	<filename>00882401021548_0_Meter_2.jpg</filename>
	<source>
		<database>DICOM VOC2010 compatible Annotation Database</database>
		<annotation>Department of Computer Science and Communication</annotation>
		<image>University of Insubria</image>
	</source>
	<size>
		<width>533</width>
		<height>107</height>
		<depth>3</depth>
	</size>
	<segmented>1</segmented>
	<object>
		<name>due</name>
		<pose>Unspecified</pose>
		<truncated>0</truncated>
		<difficult>0</difficult>
		<bndbox>
			<xmax>56</xmax>
			<xmin>32</xmin>
			<ymax>62</ymax>
			<ymin>25</ymin>
		</bndbox>
	</object>
	<object>
		<name>uno</name>
		<pose>Unspecified</pose>
		<truncated>0</truncated>
		<difficult>0</difficult>
		<bndbox>
			<xmax>103</xmax>
			<xmin>95</xmin>
			<ymax>62</ymax>
			<ymin>32</ymin>
		</bndbox>
	</object>
	<object>
		<name>sei</name>
		<pose>Unspecified</pose>
		<truncated>0</truncated>
		<difficult>0</difficult>
		<bndbox>
			<xmax>164</xmax>
			<xmin>143</xmin>
			<ymax>72</ymax>
			<ymin>35</ymin>
		</bndbox>
	</object>
	<object>
		<name>sette</name>
		<pose>Unspecified</pose>
		<truncated>0</truncated>
		<difficult>0</difficult>
		<bndbox>
			<xmax>219</xmax>
			<xmin>200</xmin>
			<ymax>72</ymax>
			<ymin>38</ymin>
		</bndbox>
	</object>
	<object>
		<name>nove</name>
		<pose>Unspecified</pose>
		<truncated>0</truncated>
		<difficult>0</difficult>
		<bndbox>
			<xmax>389</xmax>
			<xmin>366</xmin>
			<ymax>86</ymax>
			<ymin>47</ymin>
		</bndbox>
	</object>
	<object>
		<name>zero</name>
		<pose>Unspecified</pose>
		<truncated>0</truncated>
		<difficult>0</difficult>
		<bndbox>
			<xmax>448</xmax>
			<xmin>420</xmin>
			<ymax>86</ymax>
			<ymin>48</ymin>
		</bndbox>
	</object>
</annotation>