<annotation>
	<folder>VOC2010</folder>
	<filename>00882400791183_0_Meter_0.jpg</filename>
	<source>
		<database>DICOM VOC2010 compatible Annotation Database</database>
		<annotation>Department of Computer Science and Communication</annotation>
		<image>University of Insubria</image>
	</source>
	<size>
		<width>480</width>
		<height>80</height>
		<depth>3</depth>
	</size>
	<segmented>1</segmented>
	<object>
		<name>zero</name>
		<pose>Unspecified</pose>
		<truncated>0</truncated>
		<difficult>0</difficult>
		<bndbox>
			<xmax>75</xmax>
			<xmin>51</xmin>
			<ymax>60</ymax>
			<ymin>24</ymin>
		</bndbox>
	</object>
	<object>
		<name>tre</name>
		<pose>Unspecified</pose>
		<truncated>0</truncated>
		<difficult>0</difficult>
		<bndbox>
			<xmax>130</xmax>
			<xmin>106</xmin>
			<ymax>58</ymax>
			<ymin>25</ymin>
		</bndbox>
	</object>
	<object>
		<name>uno</name>
		<pose>Unspecified</pose>
		<truncated>0</truncated>
		<difficult>0</difficult>
		<bndbox>
			<xmax>175</xmax>
			<xmin>167</xmin>
			<ymax>56</ymax>
			<ymin>28</ymin>
		</bndbox>
	</object>
	<object>
		<name>quattro</name>
		<pose>Unspecified</pose>
		<truncated>0</truncated>
		<difficult>0</difficult>
		<bndbox>
			<xmax>233</xmax>
			<xmin>214</xmin>
			<ymax>57</ymax>
			<ymin>25</ymin>
		</bndbox>
	</object>
	<object>
		<name>nove</name>
		<pose>Unspecified</pose>
		<truncated>0</truncated>
		<difficult>0</difficult>
		<bndbox>
			<xmax>283</xmax>
			<xmin>262</xmin>
			<ymax>58</ymax>
			<ymin>22</ymin>
		</bndbox>
	</object>
	<object>
		<name>nove</name>
		<pose>Unspecified</pose>
		<truncated>0</truncated>
		<difficult>0</difficult>
		<bndbox>
			<xmax>333</xmax>
			<xmin>316</xmin>
			<ymax>56</ymax>
			<ymin>23</ymin>
		</bndbox>
	</object>
	<object>
		<name>uno</name>
		<pose>Unspecified</pose>
		<truncated>0</truncated>
		<difficult>0</difficult>
		<bndbox>
			<xmax>376</xmax>
			<xmin>367</xmin>
			<ymax>53</ymax>
			<ymin>24</ymin>
		</bndbox>
	</object>
</annotation>