<annotation>
	<folder>VOC2010</folder>
	<filename>00883201362427_0_Meter_0.jpg</filename>
	<source>
		<database>DICOM VOC2010 compatible Annotation Database</database>
		<annotation>Department of Computer Science and Communication</annotation>
		<image>University of Insubria</image>
	</source>
	<size>
		<width>507</width>
		<height>80</height>
		<depth>3</depth>
	</size>
	<segmented>1</segmented>
	<object>
		<name>uno</name>
		<pose>Unspecified</pose>
		<truncated>0</truncated>
		<difficult>0</difficult>
		<bndbox>
			<xmax>60</xmax>
			<xmin>52</xmin>
			<ymax>52</ymax>
			<ymin>26</ymin>
		</bndbox>
	</object>
	<object>
		<name>zero</name>
		<pose>Unspecified</pose>
		<truncated>0</truncated>
		<difficult>0</difficult>
		<bndbox>
			<xmax>124</xmax>
			<xmin>100</xmin>
			<ymax>57</ymax>
			<ymin>22</ymin>
		</bndbox>
	</object>
	<object>
		<name>due</name>
		<pose>Unspecified</pose>
		<truncated>0</truncated>
		<difficult>0</difficult>
		<bndbox>
			<xmax>179</xmax>
			<xmin>156</xmin>
			<ymax>65</ymax>
			<ymin>30</ymin>
		</bndbox>
	</object>
	<object>
		<name>zero</name>
		<pose>Unspecified</pose>
		<truncated>0</truncated>
		<difficult>0</difficult>
		<bndbox>
			<xmax>235</xmax>
			<xmin>210</xmin>
			<ymax>60</ymax>
			<ymin>24</ymin>
		</bndbox>
	</object>
	<object>
		<name>sei</name>
		<pose>Unspecified</pose>
		<truncated>0</truncated>
		<difficult>0</difficult>
		<bndbox>
			<xmax>286</xmax>
			<xmin>263</xmin>
			<ymax>56</ymax>
			<ymin>24</ymin>
		</bndbox>
	</object>
	<object>
		<name>nove</name>
		<pose>Unspecified</pose>
		<truncated>0</truncated>
		<difficult>0</difficult>
		<bndbox>
			<xmax>340</xmax>
			<xmin>320</xmin>
			<ymax>55</ymax>
			<ymin>22</ymin>
		</bndbox>
	</object>
	<object>
		<name>nove</name>
		<pose>Unspecified</pose>
		<truncated>0</truncated>
		<difficult>0</difficult>
		<bndbox>
			<xmax>393</xmax>
			<xmin>372</xmin>
			<ymax>56</ymax>
			<ymin>20</ymin>
		</bndbox>
	</object>
	<object>
		<name>nove</name>
		<pose>Unspecified</pose>
		<truncated>0</truncated>
		<difficult>0</difficult>
		<bndbox>
			<xmax>446</xmax>
			<xmin>424</xmin>
			<ymax>66</ymax>
			<ymin>30</ymin>
		</bndbox>
	</object>
</annotation>