<annotation>
	<folder>VOC2010</folder>
	<filename>00882401021566_0_Meter_1.jpg</filename>
	<source>
		<database>DICOM VOC2010 compatible Annotation Database</database>
		<annotation>Department of Computer Science and Communication</annotation>
		<image>University of Insubria</image>
	</source>
	<size>
		<width>533</width>
		<height>107</height>
		<depth>3</depth>
	</size>
	<segmented>1</segmented>
	<object>
		<name>tre</name>
		<pose>Unspecified</pose>
		<truncated>0</truncated>
		<difficult>0</difficult>
		<bndbox>
			<xmax>131</xmax>
			<xmin>116</xmin>
			<ymax>64</ymax>
			<ymin>39</ymin>
		</bndbox>
	</object>
	<object>
		<name>zero</name>
		<pose>Unspecified</pose>
		<truncated>0</truncated>
		<difficult>0</difficult>
		<bndbox>
			<xmax>176</xmax>
			<xmin>156</xmin>
			<ymax>68</ymax>
			<ymin>40</ymin>
		</bndbox>
	</object>
	<object>
		<name>uno</name>
		<pose>Unspecified</pose>
		<truncated>0</truncated>
		<difficult>0</difficult>
		<bndbox>
			<xmax>212</xmax>
			<xmin>205</xmin>
			<ymax>66</ymax>
			<ymin>42</ymin>
		</bndbox>
	</object>
	<object>
		<name>uno</name>
		<pose>Unspecified</pose>
		<truncated>0</truncated>
		<difficult>0</difficult>
		<bndbox>
			<xmax>256</xmax>
			<xmin>251</xmin>
			<ymax>69</ymax>
			<ymin>44</ymin>
		</bndbox>
	</object>
	<object>
		<name>sette</name>
		<pose>Unspecified</pose>
		<truncated>0</truncated>
		<difficult>0</difficult>
		<bndbox>
			<xmax>304</xmax>
			<xmin>290</xmin>
			<ymax>71</ymax>
			<ymin>47</ymin>
		</bndbox>
	</object>
	<object>
		<name>uno</name>
		<pose>Unspecified</pose>
		<truncated>0</truncated>
		<difficult>0</difficult>
		<bndbox>
			<xmax>344</xmax>
			<xmin>338</xmin>
			<ymax>72</ymax>
			<ymin>48</ymin>
		</bndbox>
	</object>
	<object>
		<name>due</name>
		<pose>Unspecified</pose>
		<truncated>0</truncated>
		<difficult>0</difficult>
		<bndbox>
			<xmax>396</xmax>
			<xmin>378</xmin>
			<ymax>77</ymax>
			<ymin>49</ymin>
		</bndbox>
	</object>
	<object>
		<name>tre</name>
		<pose>Unspecified</pose>
		<truncated>0</truncated>
		<difficult>0</difficult>
		<bndbox>
			<xmax>444</xmax>
			<xmin>426</xmin>
			<ymax>72</ymax>
			<ymin>45</ymin>
		</bndbox>
	</object>
</annotation>