<annotation>
	<folder>VOC2010</folder>
	<filename>00880000075276_0_Meter_0.jpg</filename>
	<source>
		<database>DICOM VOC2010 compatible Annotation Database</database>
		<annotation>Department of Computer Science and Communication</annotation>
		<image>University of Insubria</image>
	</source>
	<size>
		<width>367</width>
		<height>33</height>
		<depth>3</depth>
	</size>
	<segmented>1</segmented>
	<object>
		<name>uno</name>
		<pose>Unspecified</pose>
		<truncated>0</truncated>
		<difficult>0</difficult>
		<bndbox>
			<xmax>16</xmax>
			<xmin>6</xmin>
			<ymax>32</ymax>
			<ymin>6</ymin>
		</bndbox>
	</object>
	<object>
		<name>quattro</name>
		<pose>Unspecified</pose>
		<truncated>0</truncated>
		<difficult>0</difficult>
		<bndbox>
			<xmax>62</xmax>
			<xmin>48</xmin>
			<ymax>32</ymax>
			<ymin>6</ymin>
		</bndbox>
	</object>
	<object>
		<name>otto</name>
		<pose>Unspecified</pose>
		<truncated>0</truncated>
		<difficult>0</difficult>
		<bndbox>
			<xmax>103</xmax>
			<xmin>90</xmin>
			<ymax>32</ymax>
			<ymin>4</ymin>
		</bndbox>
	</object>
	<object>
		<name>zero</name>
		<pose>Unspecified</pose>
		<truncated>0</truncated>
		<difficult>0</difficult>
		<bndbox>
			<xmax>145</xmax>
			<xmin>130</xmin>
			<ymax>32</ymax>
			<ymin>4</ymin>
		</bndbox>
	</object>
	<object>
		<name>quattro</name>
		<pose>Unspecified</pose>
		<truncated>0</truncated>
		<difficult>0</difficult>
		<bndbox>
			<xmax>187</xmax>
			<xmin>174</xmin>
			<ymax>32</ymax>
			<ymin>4</ymin>
		</bndbox>
	</object>
	<object>
		<name>quattro</name>
		<pose>Unspecified</pose>
		<truncated>0</truncated>
		<difficult>0</difficult>
		<bndbox>
			<xmax>232</xmax>
			<xmin>218</xmin>
			<ymax>32</ymax>
			<ymin>4</ymin>
		</bndbox>
	</object>
	<object>
		<name>quattro</name>
		<pose>Unspecified</pose>
		<truncated>0</truncated>
		<difficult>0</difficult>
		<bndbox>
			<xmax>273</xmax>
			<xmin>260</xmin>
			<ymax>32</ymax>
			<ymin>4</ymin>
		</bndbox>
	</object>
</annotation>