<annotation>
	<folder>VOC2010</folder>
	<filename>00883201377128_0_Meter_0.jpg</filename>
	<source>
		<database>DICOM VOC2010 compatible Annotation Database</database>
		<annotation>Department of Computer Science and Communication</annotation>
		<image>University of Insubria</image>
	</source>
	<size>
		<width>373</width>
		<height>80</height>
		<depth>3</depth>
	</size>
	<segmented>1</segmented>
	<object>
		<name>uno</name>
		<pose>Unspecified</pose>
		<truncated>0</truncated>
		<difficult>0</difficult>
		<bndbox>
			<xmax>44</xmax>
			<xmin>35</xmin>
			<ymax>46</ymax>
			<ymin>19</ymin>
		</bndbox>
	</object>
	<object>
		<name>uno</name>
		<pose>Unspecified</pose>
		<truncated>0</truncated>
		<difficult>0</difficult>
		<bndbox>
			<xmax>88</xmax>
			<xmin>80</xmin>
			<ymax>48</ymax>
			<ymin>22</ymin>
		</bndbox>
	</object>
	<object>
		<name>uno</name>
		<pose>Unspecified</pose>
		<truncated>0</truncated>
		<difficult>0</difficult>
		<bndbox>
			<xmax>132</xmax>
			<xmin>124</xmin>
			<ymax>50</ymax>
			<ymin>26</ymin>
		</bndbox>
	</object>
	<object>
		<name>quattro</name>
		<pose>Unspecified</pose>
		<truncated>0</truncated>
		<difficult>0</difficult>
		<bndbox>
			<xmax>180</xmax>
			<xmin>163</xmin>
			<ymax>56</ymax>
			<ymin>30</ymin>
		</bndbox>
	</object>
	<object>
		<name>zero</name>
		<pose>Unspecified</pose>
		<truncated>0</truncated>
		<difficult>0</difficult>
		<bndbox>
			<xmax>224</xmax>
			<xmin>205</xmin>
			<ymax>56</ymax>
			<ymin>30</ymin>
		</bndbox>
	</object>
	<object>
		<name>quattro</name>
		<pose>Unspecified</pose>
		<truncated>0</truncated>
		<difficult>0</difficult>
		<bndbox>
			<xmax>264</xmax>
			<xmin>248</xmin>
			<ymax>60</ymax>
			<ymin>37</ymin>
		</bndbox>
	</object>
	<object>
		<name>tre</name>
		<pose>Unspecified</pose>
		<truncated>0</truncated>
		<difficult>0</difficult>
		<bndbox>
			<xmax>308</xmax>
			<xmin>290</xmin>
			<ymax>64</ymax>
			<ymin>38</ymin>
		</bndbox>
	</object>
</annotation>