<annotation>
	<folder>VOC2010</folder>
	<filename>00883201368333_0_Meter_0.jpg</filename>
	<source>
		<database>DICOM VOC2010 compatible Annotation Database</database>
		<annotation>Department of Computer Science and Communication</annotation>
		<image>University of Insubria</image>
	</source>
	<size>
		<width>480</width>
		<height>80</height>
		<depth>3</depth>
	</size>
	<segmented>1</segmented>
	<object>
		<name>uno</name>
		<pose>Unspecified</pose>
		<truncated>0</truncated>
		<difficult>0</difficult>
		<bndbox>
			<xmax>80</xmax>
			<xmin>68</xmin>
			<ymax>60</ymax>
			<ymin>31</ymin>
		</bndbox>
	</object>
	<object>
		<name>otto</name>
		<pose>Unspecified</pose>
		<truncated>0</truncated>
		<difficult>0</difficult>
		<bndbox>
			<xmax>134</xmax>
			<xmin>111</xmin>
			<ymax>58</ymax>
			<ymin>26</ymin>
		</bndbox>
	</object>
	<object>
		<name>otto</name>
		<pose>Unspecified</pose>
		<truncated>0</truncated>
		<difficult>0</difficult>
		<bndbox>
			<xmax>182</xmax>
			<xmin>160</xmin>
			<ymax>58</ymax>
			<ymin>27</ymin>
		</bndbox>
	</object>
	<object>
		<name>sei</name>
		<pose>Unspecified</pose>
		<truncated>0</truncated>
		<difficult>0</difficult>
		<bndbox>
			<xmax>230</xmax>
			<xmin>206</xmin>
			<ymax>54</ymax>
			<ymin>28</ymin>
		</bndbox>
	</object>
	<object>
		<name>otto</name>
		<pose>Unspecified</pose>
		<truncated>0</truncated>
		<difficult>0</difficult>
		<bndbox>
			<xmax>276</xmax>
			<xmin>256</xmin>
			<ymax>56</ymax>
			<ymin>25</ymin>
		</bndbox>
	</object>
	<object>
		<name>quattro</name>
		<pose>Unspecified</pose>
		<truncated>0</truncated>
		<difficult>0</difficult>
		<bndbox>
			<xmax>320</xmax>
			<xmin>303</xmin>
			<ymax>54</ymax>
			<ymin>27</ymin>
		</bndbox>
	</object>
	<object>
		<name>zero</name>
		<pose>Unspecified</pose>
		<truncated>0</truncated>
		<difficult>0</difficult>
		<bndbox>
			<xmax>368</xmax>
			<xmin>348</xmin>
			<ymax>56</ymax>
			<ymin>26</ymin>
		</bndbox>
	</object>
	<object>
		<name>sette</name>
		<pose>Unspecified</pose>
		<truncated>0</truncated>
		<difficult>0</difficult>
		<bndbox>
			<xmax>408</xmax>
			<xmin>391</xmin>
			<ymax>54</ymax>
			<ymin>26</ymin>
		</bndbox>
	</object>
</annotation>