<annotation>
	<folder>VOC2010</folder>
	<filename>00880000021280_0_Meter_0.jpg</filename>
	<source>
		<database>DICOM VOC2010 compatible Annotation Database</database>
		<annotation>Department of Computer Science and Communication</annotation>
		<image>University of Insubria</image>
	</source>
	<size>
		<width>400</width>
		<height>80</height>
		<depth>3</depth>
	</size>
	<segmented>1</segmented>
	<object>
		<name>zero</name>
		<pose>Unspecified</pose>
		<truncated>0</truncated>
		<difficult>0</difficult>
		<bndbox>
			<xmax>34</xmax>
			<xmin>14</xmin>
			<ymax>64</ymax>
			<ymin>30</ymin>
		</bndbox>
	</object>
	<object>
		<name>tre</name>
		<pose>Unspecified</pose>
		<truncated>0</truncated>
		<difficult>0</difficult>
		<bndbox>
			<xmax>82</xmax>
			<xmin>65</xmin>
			<ymax>64</ymax>
			<ymin>34</ymin>
		</bndbox>
	</object>
	<object>
		<name>due</name>
		<pose>Unspecified</pose>
		<truncated>0</truncated>
		<difficult>0</difficult>
		<bndbox>
			<xmax>130</xmax>
			<xmin>111</xmin>
			<ymax>68</ymax>
			<ymin>36</ymin>
		</bndbox>
	</object>
	<object>
		<name>sette</name>
		<pose>Unspecified</pose>
		<truncated>0</truncated>
		<difficult>0</difficult>
		<bndbox>
			<xmax>176</xmax>
			<xmin>160</xmin>
			<ymax>66</ymax>
			<ymin>38</ymin>
		</bndbox>
	</object>
	<object>
		<name>nove</name>
		<pose>Unspecified</pose>
		<truncated>0</truncated>
		<difficult>0</difficult>
		<bndbox>
			<xmax>224</xmax>
			<xmin>205</xmin>
			<ymax>72</ymax>
			<ymin>41</ymin>
		</bndbox>
	</object>
	<object>
		<name>otto</name>
		<pose>Unspecified</pose>
		<truncated>0</truncated>
		<difficult>0</difficult>
		<bndbox>
			<xmax>270</xmax>
			<xmin>252</xmin>
			<ymax>74</ymax>
			<ymin>44</ymin>
		</bndbox>
	</object>
	<object>
		<name>nove</name>
		<pose>Unspecified</pose>
		<truncated>0</truncated>
		<difficult>0</difficult>
		<bndbox>
			<xmax>318</xmax>
			<xmin>299</xmin>
			<ymax>77</ymax>
			<ymin>46</ymin>
		</bndbox>
	</object>
	<object>
		<name>due</name>
		<pose>Unspecified</pose>
		<truncated>0</truncated>
		<difficult>0</difficult>
		<bndbox>
			<xmax>364</xmax>
			<xmin>346</xmin>
			<ymax>75</ymax>
			<ymin>46</ymin>
		</bndbox>
	</object>
</annotation>