<annotation>
	<folder>VOC2010</folder>
	<filename>00882400366726_0_Meter_1.jpg</filename>
	<source>
		<database>DICOM VOC2010 compatible Annotation Database</database>
		<annotation>Department of Computer Science and Communication</annotation>
		<image>University of Insubria</image>
	</source>
	<size>
		<width>373</width>
		<height>80</height>
		<depth>3</depth>
	</size>
	<segmented>1</segmented>
	<object>
		<name>uno</name>
		<pose>Unspecified</pose>
		<truncated>0</truncated>
		<difficult>0</difficult>
		<bndbox>
			<xmax>8</xmax>
			<xmin>0</xmin>
			<ymax>41</ymax>
			<ymin>18</ymin>
		</bndbox>
	</object>
	<object>
		<name>zero</name>
		<pose>Unspecified</pose>
		<truncated>0</truncated>
		<difficult>0</difficult>
		<bndbox>
			<xmax>40</xmax>
			<xmin>25</xmin>
			<ymax>45</ymax>
			<ymin>16</ymin>
		</bndbox>
	</object>
	<object>
		<name>zero</name>
		<pose>Unspecified</pose>
		<truncated>0</truncated>
		<difficult>0</difficult>
		<bndbox>
			<xmax>72</xmax>
			<xmin>58</xmin>
			<ymax>49</ymax>
			<ymin>19</ymin>
		</bndbox>
	</object>
	<object>
		<name>uno</name>
		<pose>Unspecified</pose>
		<truncated>0</truncated>
		<difficult>0</difficult>
		<bndbox>
			<xmax>104</xmax>
			<xmin>96</xmin>
			<ymax>48</ymax>
			<ymin>22</ymin>
		</bndbox>
	</object>
	<object>
		<name>zero</name>
		<pose>Unspecified</pose>
		<truncated>0</truncated>
		<difficult>0</difficult>
		<bndbox>
			<xmax>144</xmax>
			<xmin>126</xmin>
			<ymax>54</ymax>
			<ymin>22</ymin>
		</bndbox>
	</object>
	<object>
		<name>sei</name>
		<pose>Unspecified</pose>
		<truncated>0</truncated>
		<difficult>0</difficult>
		<bndbox>
			<xmax>186</xmax>
			<xmin>168</xmin>
			<ymax>60</ymax>
			<ymin>27</ymin>
		</bndbox>
	</object>
	<object>
		<name>sei</name>
		<pose>Unspecified</pose>
		<truncated>0</truncated>
		<difficult>0</difficult>
		<bndbox>
			<xmax>226</xmax>
			<xmin>210</xmin>
			<ymax>62</ymax>
			<ymin>30</ymin>
		</bndbox>
	</object>
</annotation>