<annotation>
	<folder>VOC2010</folder>
	<filename>00882400807078_0_Meter_0.jpg</filename>
	<source>
		<database>DICOM VOC2010 compatible Annotation Database</database>
		<annotation>Department of Computer Science and Communication</annotation>
		<image>University of Insubria</image>
	</source>
	<size>
		<width>347</width>
		<height>80</height>
		<depth>3</depth>
	</size>
	<segmented>1</segmented>
	<object>
		<name>tre</name>
		<pose>Unspecified</pose>
		<truncated>0</truncated>
		<difficult>0</difficult>
		<bndbox>
			<xmax>167</xmax>
			<xmin>152</xmin>
			<ymax>50</ymax>
			<ymin>28</ymin>
		</bndbox>
	</object>
	<object>
		<name>due</name>
		<pose>Unspecified</pose>
		<truncated>0</truncated>
		<difficult>0</difficult>
		<bndbox>
			<xmax>206</xmax>
			<xmin>190</xmin>
			<ymax>51</ymax>
			<ymin>28</ymin>
		</bndbox>
	</object>
	<object>
		<name>uno</name>
		<pose>Unspecified</pose>
		<truncated>0</truncated>
		<difficult>0</difficult>
		<bndbox>
			<xmax>240</xmax>
			<xmin>234</xmin>
			<ymax>50</ymax>
			<ymin>32</ymin>
		</bndbox>
	</object>
	<object>
		<name>cinque</name>
		<pose>Unspecified</pose>
		<truncated>0</truncated>
		<difficult>0</difficult>
		<bndbox>
			<xmax>286</xmax>
			<xmin>268</xmin>
			<ymax>54</ymax>
			<ymin>28</ymin>
		</bndbox>
	</object>
</annotation>