<annotation>
	<folder>VOC2010</folder>
	<filename>00885200035615_0_Meter_0.jpg</filename>
	<source>
		<database>DICOM VOC2010 compatible Annotation Database</database>
		<annotation>Department of Computer Science and Communication</annotation>
		<image>University of Insubria</image>
	</source>
	<size>
		<width>427</width>
		<height>80</height>
		<depth>3</depth>
	</size>
	<segmented>1</segmented>
	<object>
		<name>nove</name>
		<pose>Unspecified</pose>
		<truncated>0</truncated>
		<difficult>0</difficult>
		<bndbox>
			<xmax>78</xmax>
			<xmin>58</xmin>
			<ymax>79</ymax>
			<ymin>46</ymin>
		</bndbox>
	</object>
	<object>
		<name>sei</name>
		<pose>Unspecified</pose>
		<truncated>0</truncated>
		<difficult>0</difficult>
		<bndbox>
			<xmax>131</xmax>
			<xmin>110</xmin>
			<ymax>79</ymax>
			<ymin>44</ymin>
		</bndbox>
	</object>
	<object>
		<name>quattro</name>
		<pose>Unspecified</pose>
		<truncated>0</truncated>
		<difficult>0</difficult>
		<bndbox>
			<xmax>180</xmax>
			<xmin>164</xmin>
			<ymax>78</ymax>
			<ymin>44</ymin>
		</bndbox>
	</object>
	<object>
		<name>sette</name>
		<pose>Unspecified</pose>
		<truncated>0</truncated>
		<difficult>0</difficult>
		<bndbox>
			<xmax>233</xmax>
			<xmin>216</xmin>
			<ymax>75</ymax>
			<ymin>42</ymin>
		</bndbox>
	</object>
	<object>
		<name>quattro</name>
		<pose>Unspecified</pose>
		<truncated>0</truncated>
		<difficult>0</difficult>
		<bndbox>
			<xmax>280</xmax>
			<xmin>264</xmin>
			<ymax>74</ymax>
			<ymin>44</ymin>
		</bndbox>
	</object>
	<object>
		<name>zero</name>
		<pose>Unspecified</pose>
		<truncated>0</truncated>
		<difficult>0</difficult>
		<bndbox>
			<xmax>331</xmax>
			<xmin>312</xmin>
			<ymax>77</ymax>
			<ymin>44</ymin>
		</bndbox>
	</object>
	<object>
		<name>uno</name>
		<pose>Unspecified</pose>
		<truncated>0</truncated>
		<difficult>0</difficult>
		<bndbox>
			<xmax>374</xmax>
			<xmin>364</xmin>
			<ymax>73</ymax>
			<ymin>44</ymin>
		</bndbox>
	</object>
</annotation>