<annotation>
	<folder>VOC2010</folder>
	<filename>00883201371345_0_Meter_0.jpg</filename>
	<source>
		<database>DICOM VOC2010 compatible Annotation Database</database>
		<annotation>Department of Computer Science and Communication</annotation>
		<image>University of Insubria</image>
	</source>
	<size>
		<width>293</width>
		<height>27</height>
		<depth>3</depth>
	</size>
	<segmented>1</segmented>
	<object>
		<name>zero</name>
		<pose>Unspecified</pose>
		<truncated>0</truncated>
		<difficult>0</difficult>
		<bndbox>
			<xmax>19</xmax>
			<xmin>6</xmin>
			<ymax>22</ymax>
			<ymin>0</ymin>
		</bndbox>
	</object>
	<object>
		<name>sei</name>
		<pose>Unspecified</pose>
		<truncated>0</truncated>
		<difficult>0</difficult>
		<bndbox>
			<xmax>54</xmax>
			<xmin>40</xmin>
			<ymax>22</ymax>
			<ymin>0</ymin>
		</bndbox>
	</object>
	<object>
		<name>tre</name>
		<pose>Unspecified</pose>
		<truncated>0</truncated>
		<difficult>0</difficult>
		<bndbox>
			<xmax>88</xmax>
			<xmin>74</xmin>
			<ymax>24</ymax>
			<ymin>4</ymin>
		</bndbox>
	</object>
	<object>
		<name>uno</name>
		<pose>Unspecified</pose>
		<truncated>0</truncated>
		<difficult>0</difficult>
		<bndbox>
			<xmax>118</xmax>
			<xmin>112</xmin>
			<ymax>20</ymax>
			<ymin>2</ymin>
		</bndbox>
	</object>
	<object>
		<name>sette</name>
		<pose>Unspecified</pose>
		<truncated>0</truncated>
		<difficult>0</difficult>
		<bndbox>
			<xmax>154</xmax>
			<xmin>142</xmin>
			<ymax>22</ymax>
			<ymin>2</ymin>
		</bndbox>
	</object>
	<object>
		<name>sei</name>
		<pose>Unspecified</pose>
		<truncated>0</truncated>
		<difficult>0</difficult>
		<bndbox>
			<xmax>188</xmax>
			<xmin>174</xmin>
			<ymax>26</ymax>
			<ymin>3</ymin>
		</bndbox>
	</object>
	<object>
		<name>sei</name>
		<pose>Unspecified</pose>
		<truncated>0</truncated>
		<difficult>0</difficult>
		<bndbox>
			<xmax>220</xmax>
			<xmin>208</xmin>
			<ymax>27</ymax>
			<ymin>6</ymin>
		</bndbox>
	</object>
	<object>
		<name>uno</name>
		<pose>Unspecified</pose>
		<truncated>0</truncated>
		<difficult>0</difficult>
		<bndbox>
			<xmax>250</xmax>
			<xmin>243</xmin>
			<ymax>19</ymax>
			<ymin>1</ymin>
		</bndbox>
	</object>
</annotation>