<annotation>
	<folder>VOC2010</folder>
	<filename>00883201344524_0_Meter_0.jpg</filename>
	<source>
		<database>DICOM VOC2010 compatible Annotation Database</database>
		<annotation>Department of Computer Science and Communication</annotation>
		<image>University of Insubria</image>
	</source>
	<size>
		<width>533</width>
		<height>80</height>
		<depth>3</depth>
	</size>
	<segmented>1</segmented>
	<object>
		<name>uno</name>
		<pose>Unspecified</pose>
		<truncated>0</truncated>
		<difficult>0</difficult>
		<bndbox>
			<xmax>63</xmax>
			<xmin>50</xmin>
			<ymax>48</ymax>
			<ymin>14</ymin>
		</bndbox>
	</object>
	<object>
		<name>zero</name>
		<pose>Unspecified</pose>
		<truncated>0</truncated>
		<difficult>0</difficult>
		<bndbox>
			<xmax>123</xmax>
			<xmin>103</xmin>
			<ymax>50</ymax>
			<ymin>10</ymin>
		</bndbox>
	</object>
	<object>
		<name>otto</name>
		<pose>Unspecified</pose>
		<truncated>0</truncated>
		<difficult>0</difficult>
		<bndbox>
			<xmax>182</xmax>
			<xmin>161</xmin>
			<ymax>56</ymax>
			<ymin>19</ymin>
		</bndbox>
	</object>
	<object>
		<name>due</name>
		<pose>Unspecified</pose>
		<truncated>0</truncated>
		<difficult>0</difficult>
		<bndbox>
			<xmax>236</xmax>
			<xmin>216</xmin>
			<ymax>57</ymax>
			<ymin>20</ymin>
		</bndbox>
	</object>
	<object>
		<name>cinque</name>
		<pose>Unspecified</pose>
		<truncated>0</truncated>
		<difficult>0</difficult>
		<bndbox>
			<xmax>294</xmax>
			<xmin>275</xmin>
			<ymax>56</ymax>
			<ymin>16</ymin>
		</bndbox>
	</object>
	<object>
		<name>cinque</name>
		<pose>Unspecified</pose>
		<truncated>0</truncated>
		<difficult>0</difficult>
		<bndbox>
			<xmax>352</xmax>
			<xmin>332</xmin>
			<ymax>56</ymax>
			<ymin>17</ymin>
		</bndbox>
	</object>
	<object>
		<name>nove</name>
		<pose>Unspecified</pose>
		<truncated>0</truncated>
		<difficult>0</difficult>
		<bndbox>
			<xmax>410</xmax>
			<xmin>386</xmin>
			<ymax>56</ymax>
			<ymin>18</ymin>
		</bndbox>
	</object>
	<object>
		<name>quattro</name>
		<pose>Unspecified</pose>
		<truncated>0</truncated>
		<difficult>0</difficult>
		<bndbox>
			<xmax>458</xmax>
			<xmin>441</xmin>
			<ymax>44</ymax>
			<ymin>14</ymin>
		</bndbox>
	</object>
</annotation>