<annotation>
	<folder>VOC2010</folder>
	<filename>00882400854935_0_Meter_0.jpg</filename>
	<source>
		<database>DICOM VOC2010 compatible Annotation Database</database>
		<annotation>Department of Computer Science and Communication</annotation>
		<image>University of Insubria</image>
	</source>
	<size>
		<width>453</width>
		<height>80</height>
		<depth>3</depth>
	</size>
	<segmented>1</segmented>
	<object>
		<name>zero</name>
		<pose>Unspecified</pose>
		<truncated>0</truncated>
		<difficult>0</difficult>
		<bndbox>
			<xmax>53</xmax>
			<xmin>30</xmin>
			<ymax>52</ymax>
			<ymin>18</ymin>
		</bndbox>
	</object>
	<object>
		<name>otto</name>
		<pose>Unspecified</pose>
		<truncated>0</truncated>
		<difficult>0</difficult>
		<bndbox>
			<xmax>110</xmax>
			<xmin>88</xmin>
			<ymax>52</ymax>
			<ymin>18</ymin>
		</bndbox>
	</object>
	<object>
		<name>zero</name>
		<pose>Unspecified</pose>
		<truncated>0</truncated>
		<difficult>0</difficult>
		<bndbox>
			<xmax>168</xmax>
			<xmin>146</xmin>
			<ymax>46</ymax>
			<ymin>10</ymin>
		</bndbox>
	</object>
	<object>
		<name>sette</name>
		<pose>Unspecified</pose>
		<truncated>0</truncated>
		<difficult>0</difficult>
		<bndbox>
			<xmax>224</xmax>
			<xmin>208</xmin>
			<ymax>40</ymax>
			<ymin>10</ymin>
		</bndbox>
	</object>
	<object>
		<name>otto</name>
		<pose>Unspecified</pose>
		<truncated>0</truncated>
		<difficult>0</difficult>
		<bndbox>
			<xmax>282</xmax>
			<xmin>260</xmin>
			<ymax>42</ymax>
			<ymin>6</ymin>
		</bndbox>
	</object>
	<object>
		<name>quattro</name>
		<pose>Unspecified</pose>
		<truncated>0</truncated>
		<difficult>0</difficult>
		<bndbox>
			<xmax>338</xmax>
			<xmin>316</xmin>
			<ymax>36</ymax>
			<ymin>1</ymin>
		</bndbox>
	</object>
</annotation>