<annotation>
	<folder>VOC2010</folder>
	<filename>00883201374729_0_Meter_0.jpg</filename>
	<source>
		<database>DICOM VOC2010 compatible Annotation Database</database>
		<annotation>Department of Computer Science and Communication</annotation>
		<image>University of Insubria</image>
	</source>
	<size>
		<width>453</width>
		<height>80</height>
		<depth>3</depth>
	</size>
	<segmented>1</segmented>
	<object>
		<name>due</name>
		<pose>Unspecified</pose>
		<truncated>0</truncated>
		<difficult>0</difficult>
		<bndbox>
			<xmax>72</xmax>
			<xmin>50</xmin>
			<ymax>42</ymax>
			<ymin>8</ymin>
		</bndbox>
	</object>
	<object>
		<name>nove</name>
		<pose>Unspecified</pose>
		<truncated>0</truncated>
		<difficult>0</difficult>
		<bndbox>
			<xmax>124</xmax>
			<xmin>102</xmin>
			<ymax>44</ymax>
			<ymin>11</ymin>
		</bndbox>
	</object>
	<object>
		<name>otto</name>
		<pose>Unspecified</pose>
		<truncated>0</truncated>
		<difficult>0</difficult>
		<bndbox>
			<xmax>173</xmax>
			<xmin>150</xmin>
			<ymax>44</ymax>
			<ymin>10</ymin>
		</bndbox>
	</object>
	<object>
		<name>otto</name>
		<pose>Unspecified</pose>
		<truncated>0</truncated>
		<difficult>0</difficult>
		<bndbox>
			<xmax>222</xmax>
			<xmin>200</xmin>
			<ymax>46</ymax>
			<ymin>14</ymin>
		</bndbox>
	</object>
	<object>
		<name>quattro</name>
		<pose>Unspecified</pose>
		<truncated>0</truncated>
		<difficult>0</difficult>
		<bndbox>
			<xmax>268</xmax>
			<xmin>249</xmin>
			<ymax>46</ymax>
			<ymin>16</ymin>
		</bndbox>
	</object>
	<object>
		<name>uno</name>
		<pose>Unspecified</pose>
		<truncated>0</truncated>
		<difficult>0</difficult>
		<bndbox>
			<xmax>310</xmax>
			<xmin>302</xmin>
			<ymax>44</ymax>
			<ymin>19</ymin>
		</bndbox>
	</object>
	<object>
		<name>uno</name>
		<pose>Unspecified</pose>
		<truncated>0</truncated>
		<difficult>0</difficult>
		<bndbox>
			<xmax>356</xmax>
			<xmin>351</xmin>
			<ymax>46</ymax>
			<ymin>20</ymin>
		</bndbox>
	</object>
	<object>
		<name>tre</name>
		<pose>Unspecified</pose>
		<truncated>0</truncated>
		<difficult>0</difficult>
		<bndbox>
			<xmax>407</xmax>
			<xmin>392</xmin>
			<ymax>56</ymax>
			<ymin>28</ymin>
		</bndbox>
	</object>
</annotation>