<annotation>
	<folder>VOC2010</folder>
	<filename>00882400012550_0_Meter_1.jpg</filename>
	<source>
		<database>DICOM VOC2010 compatible Annotation Database</database>
		<annotation>Department of Computer Science and Communication</annotation>
		<image>University of Insubria</image>
	</source>
	<size>
		<width>400</width>
		<height>80</height>
		<depth>3</depth>
	</size>
	<segmented>1</segmented>
	<object>
		<name>zero</name>
		<pose>Unspecified</pose>
		<truncated>0</truncated>
		<difficult>0</difficult>
		<bndbox>
			<xmax>12</xmax>
			<xmin>0</xmin>
			<ymax>63</ymax>
			<ymin>26</ymin>
		</bndbox>
	</object>
	<object>
		<name>tre</name>
		<pose>Unspecified</pose>
		<truncated>0</truncated>
		<difficult>0</difficult>
		<bndbox>
			<xmax>61</xmax>
			<xmin>40</xmin>
			<ymax>64</ymax>
			<ymin>29</ymin>
		</bndbox>
	</object>
	<object>
		<name>due</name>
		<pose>Unspecified</pose>
		<truncated>0</truncated>
		<difficult>0</difficult>
		<bndbox>
			<xmax>109</xmax>
			<xmin>85</xmin>
			<ymax>60</ymax>
			<ymin>24</ymin>
		</bndbox>
	</object>
	<object>
		<name>nove</name>
		<pose>Unspecified</pose>
		<truncated>0</truncated>
		<difficult>0</difficult>
		<bndbox>
			<xmax>156</xmax>
			<xmin>134</xmin>
			<ymax>59</ymax>
			<ymin>24</ymin>
		</bndbox>
	</object>
	<object>
		<name>quattro</name>
		<pose>Unspecified</pose>
		<truncated>0</truncated>
		<difficult>0</difficult>
		<bndbox>
			<xmax>202</xmax>
			<xmin>184</xmin>
			<ymax>58</ymax>
			<ymin>24</ymin>
		</bndbox>
	</object>
	<object>
		<name>cinque</name>
		<pose>Unspecified</pose>
		<truncated>0</truncated>
		<difficult>0</difficult>
		<bndbox>
			<xmax>290</xmax>
			<xmin>270</xmin>
			<ymax>54</ymax>
			<ymin>23</ymin>
		</bndbox>
	</object>
	<object>
		<name>tre</name>
		<pose>Unspecified</pose>
		<truncated>0</truncated>
		<difficult>0</difficult>
		<bndbox>
			<xmax>331</xmax>
			<xmin>314</xmin>
			<ymax>44</ymax>
			<ymin>16</ymin>
		</bndbox>
	</object>
</annotation>