<annotation>
	<folder>VOC2010</folder>
	<filename>00883201374869_0_Meter_1.jpg</filename>
	<source>
		<database>DICOM VOC2010 compatible Annotation Database</database>
		<annotation>Department of Computer Science and Communication</annotation>
		<image>University of Insubria</image>
	</source>
	<size>
		<width>347</width>
		<height>53</height>
		<depth>3</depth>
	</size>
	<segmented>1</segmented>
	<object>
		<name>uno</name>
		<pose>Unspecified</pose>
		<truncated>0</truncated>
		<difficult>0</difficult>
		<bndbox>
			<xmax>40</xmax>
			<xmin>32</xmin>
			<ymax>28</ymax>
			<ymin>5</ymin>
		</bndbox>
	</object>
	<object>
		<name>quattro</name>
		<pose>Unspecified</pose>
		<truncated>0</truncated>
		<difficult>0</difficult>
		<bndbox>
			<xmax>80</xmax>
			<xmin>66</xmin>
			<ymax>29</ymax>
			<ymin>8</ymin>
		</bndbox>
	</object>
	<object>
		<name>tre</name>
		<pose>Unspecified</pose>
		<truncated>0</truncated>
		<difficult>0</difficult>
		<bndbox>
			<xmax>118</xmax>
			<xmin>104</xmin>
			<ymax>34</ymax>
			<ymin>8</ymin>
		</bndbox>
	</object>
	<object>
		<name>uno</name>
		<pose>Unspecified</pose>
		<truncated>0</truncated>
		<difficult>0</difficult>
		<bndbox>
			<xmax>150</xmax>
			<xmin>144</xmin>
			<ymax>34</ymax>
			<ymin>11</ymin>
		</bndbox>
	</object>
	<object>
		<name>sette</name>
		<pose>Unspecified</pose>
		<truncated>0</truncated>
		<difficult>0</difficult>
		<bndbox>
			<xmax>192</xmax>
			<xmin>176</xmin>
			<ymax>34</ymax>
			<ymin>14</ymin>
		</bndbox>
	</object>
	<object>
		<name>due</name>
		<pose>Unspecified</pose>
		<truncated>0</truncated>
		<difficult>0</difficult>
		<bndbox>
			<xmax>228</xmax>
			<xmin>214</xmin>
			<ymax>38</ymax>
			<ymin>14</ymin>
		</bndbox>
	</object>
	<object>
		<name>cinque</name>
		<pose>Unspecified</pose>
		<truncated>0</truncated>
		<difficult>0</difficult>
		<bndbox>
			<xmax>264</xmax>
			<xmin>249</xmin>
			<ymax>38</ymax>
			<ymin>14</ymin>
		</bndbox>
	</object>
	<object>
		<name>otto</name>
		<pose>Unspecified</pose>
		<truncated>0</truncated>
		<difficult>0</difficult>
		<bndbox>
			<xmax>302</xmax>
			<xmin>286</xmin>
			<ymax>46</ymax>
			<ymin>22</ymin>
		</bndbox>
	</object>
</annotation>