<annotation>
	<folder>VOC2010</folder>
	<filename>00880000200332_0_Meter_1.jpg</filename>
	<source>
		<database>DICOM VOC2010 compatible Annotation Database</database>
		<annotation>Department of Computer Science and Communication</annotation>
		<image>University of Insubria</image>
	</source>
	<size>
		<width>453</width>
		<height>80</height>
		<depth>3</depth>
	</size>
	<segmented>1</segmented>
	<object>
		<name>zero</name>
		<pose>Unspecified</pose>
		<truncated>0</truncated>
		<difficult>0</difficult>
		<bndbox>
			<xmax>36</xmax>
			<xmin>17</xmin>
			<ymax>60</ymax>
			<ymin>14</ymin>
		</bndbox>
	</object>
	<object>
		<name>tre</name>
		<pose>Unspecified</pose>
		<truncated>0</truncated>
		<difficult>0</difficult>
		<bndbox>
			<xmax>88</xmax>
			<xmin>72</xmin>
			<ymax>58</ymax>
			<ymin>20</ymin>
		</bndbox>
	</object>
	<object>
		<name>due</name>
		<pose>Unspecified</pose>
		<truncated>0</truncated>
		<difficult>0</difficult>
		<bndbox>
			<xmax>140</xmax>
			<xmin>126</xmin>
			<ymax>62</ymax>
			<ymin>20</ymin>
		</bndbox>
	</object>
	<object>
		<name>cinque</name>
		<pose>Unspecified</pose>
		<truncated>0</truncated>
		<difficult>0</difficult>
		<bndbox>
			<xmax>191</xmax>
			<xmin>178</xmin>
			<ymax>61</ymax>
			<ymin>20</ymin>
		</bndbox>
	</object>
</annotation>