<annotation>
	<folder>VOC2010</folder>
	<filename>00882400895847_0_Meter_0.jpg</filename>
	<source>
		<database>DICOM VOC2010 compatible Annotation Database</database>
		<annotation>Department of Computer Science and Communication</annotation>
		<image>University of Insubria</image>
	</source>
	<size>
		<width>400</width>
		<height>67</height>
		<depth>3</depth>
	</size>
	<segmented>1</segmented>
	<object>
		<name>zero</name>
		<pose>Unspecified</pose>
		<truncated>0</truncated>
		<difficult>0</difficult>
		<bndbox>
			<xmax>21</xmax>
			<xmin>4</xmin>
			<ymax>46</ymax>
			<ymin>14</ymin>
		</bndbox>
	</object>
	<object>
		<name>nove</name>
		<pose>Unspecified</pose>
		<truncated>0</truncated>
		<difficult>0</difficult>
		<bndbox>
			<xmax>70</xmax>
			<xmin>54</xmin>
			<ymax>48</ymax>
			<ymin>16</ymin>
		</bndbox>
	</object>
	<object>
		<name>sei</name>
		<pose>Unspecified</pose>
		<truncated>0</truncated>
		<difficult>0</difficult>
		<bndbox>
			<xmax>120</xmax>
			<xmin>103</xmin>
			<ymax>50</ymax>
			<ymin>19</ymin>
		</bndbox>
	</object>
	<object>
		<name>nove</name>
		<pose>Unspecified</pose>
		<truncated>0</truncated>
		<difficult>0</difficult>
		<bndbox>
			<xmax>170</xmax>
			<xmin>154</xmin>
			<ymax>50</ymax>
			<ymin>19</ymin>
		</bndbox>
	</object>
	<object>
		<name>quattro</name>
		<pose>Unspecified</pose>
		<truncated>0</truncated>
		<difficult>0</difficult>
		<bndbox>
			<xmax>218</xmax>
			<xmin>202</xmin>
			<ymax>50</ymax>
			<ymin>18</ymin>
		</bndbox>
	</object>
	<object>
		<name>uno</name>
		<pose>Unspecified</pose>
		<truncated>0</truncated>
		<difficult>0</difficult>
		<bndbox>
			<xmax>264</xmax>
			<xmin>256</xmin>
			<ymax>50</ymax>
			<ymin>18</ymin>
		</bndbox>
	</object>
	<object>
		<name>tre</name>
		<pose>Unspecified</pose>
		<truncated>0</truncated>
		<difficult>0</difficult>
		<bndbox>
			<xmax>316</xmax>
			<xmin>299</xmin>
			<ymax>51</ymax>
			<ymin>19</ymin>
		</bndbox>
	</object>
	<object>
		<name>sette</name>
		<pose>Unspecified</pose>
		<truncated>0</truncated>
		<difficult>0</difficult>
		<bndbox>
			<xmax>376</xmax>
			<xmin>362</xmin>
			<ymax>60</ymax>
			<ymin>36</ymin>
		</bndbox>
	</object>
</annotation>