<annotation>
	<folder>VOC2010</folder>
	<filename>00883201362922_0_Meter_0.jpg</filename>
	<source>
		<database>DICOM VOC2010 compatible Annotation Database</database>
		<annotation>Department of Computer Science and Communication</annotation>
		<image>University of Insubria</image>
	</source>
	<size>
		<width>533</width>
		<height>107</height>
		<depth>3</depth>
	</size>
	<segmented>1</segmented>
	<object>
		<name>zero</name>
		<pose>Unspecified</pose>
		<truncated>0</truncated>
		<difficult>0</difficult>
		<bndbox>
			<xmax>57</xmax>
			<xmin>32</xmin>
			<ymax>57</ymax>
			<ymin>23</ymin>
		</bndbox>
	</object>
	<object>
		<name>tre</name>
		<pose>Unspecified</pose>
		<truncated>0</truncated>
		<difficult>0</difficult>
		<bndbox>
			<xmax>106</xmax>
			<xmin>84</xmin>
			<ymax>64</ymax>
			<ymin>30</ymin>
		</bndbox>
	</object>
	<object>
		<name>due</name>
		<pose>Unspecified</pose>
		<truncated>0</truncated>
		<difficult>0</difficult>
		<bndbox>
			<xmax>155</xmax>
			<xmin>132</xmin>
			<ymax>66</ymax>
			<ymin>32</ymin>
		</bndbox>
	</object>
	<object>
		<name>nove</name>
		<pose>Unspecified</pose>
		<truncated>0</truncated>
		<difficult>0</difficult>
		<bndbox>
			<xmax>204</xmax>
			<xmin>182</xmin>
			<ymax>66</ymax>
			<ymin>32</ymin>
		</bndbox>
	</object>
	<object>
		<name>tre</name>
		<pose>Unspecified</pose>
		<truncated>0</truncated>
		<difficult>0</difficult>
		<bndbox>
			<xmax>257</xmax>
			<xmin>236</xmin>
			<ymax>66</ymax>
			<ymin>32</ymin>
		</bndbox>
	</object>
	<object>
		<name>nove</name>
		<pose>Unspecified</pose>
		<truncated>0</truncated>
		<difficult>0</difficult>
		<bndbox>
			<xmax>311</xmax>
			<xmin>288</xmin>
			<ymax>70</ymax>
			<ymin>36</ymin>
		</bndbox>
	</object>
	<object>
		<name>uno</name>
		<pose>Unspecified</pose>
		<truncated>0</truncated>
		<difficult>0</difficult>
		<bndbox>
			<xmax>355</xmax>
			<xmin>343</xmin>
			<ymax>69</ymax>
			<ymin>37</ymin>
		</bndbox>
	</object>
	<object>
		<name>otto</name>
		<pose>Unspecified</pose>
		<truncated>0</truncated>
		<difficult>0</difficult>
		<bndbox>
			<xmax>418</xmax>
			<xmin>396</xmin>
			<ymax>83</ymax>
			<ymin>48</ymin>
		</bndbox>
	</object>
</annotation>