<annotation>
	<folder>VOC2010</folder>
	<filename>00882400455115_0_Meter_0.jpg</filename>
	<source>
		<database>DICOM VOC2010 compatible Annotation Database</database>
		<annotation>Department of Computer Science and Communication</annotation>
		<image>University of Insubria</image>
	</source>
	<size>
		<width>240</width>
		<height>53</height>
		<depth>3</depth>
	</size>
	<segmented>1</segmented>
	<object>
		<name>cinque</name>
		<pose>Unspecified</pose>
		<truncated>0</truncated>
		<difficult>0</difficult>
		<bndbox>
			<xmax>30</xmax>
			<xmin>16</xmin>
			<ymax>36</ymax>
			<ymin>18</ymin>
		</bndbox>
	</object>
	<object>
		<name>nove</name>
		<pose>Unspecified</pose>
		<truncated>0</truncated>
		<difficult>0</difficult>
		<bndbox>
			<xmax>61</xmax>
			<xmin>50</xmin>
			<ymax>35</ymax>
			<ymin>18</ymin>
		</bndbox>
	</object>
	<object>
		<name>due</name>
		<pose>Unspecified</pose>
		<truncated>0</truncated>
		<difficult>0</difficult>
		<bndbox>
			<xmax>130</xmax>
			<xmin>118</xmin>
			<ymax>36</ymax>
			<ymin>18</ymin>
		</bndbox>
	</object>
	<object>
		<name>zero</name>
		<pose>Unspecified</pose>
		<truncated>0</truncated>
		<difficult>0</difficult>
		<bndbox>
			<xmax>164</xmax>
			<xmin>150</xmin>
			<ymax>37</ymax>
			<ymin>18</ymin>
		</bndbox>
	</object>
	<object>
		<name>cinque</name>
		<pose>Unspecified</pose>
		<truncated>0</truncated>
		<difficult>0</difficult>
		<bndbox>
			<xmax>196</xmax>
			<xmin>184</xmin>
			<ymax>35</ymax>
			<ymin>18</ymin>
		</bndbox>
	</object>
	<object>
		<name>due</name>
		<pose>Unspecified</pose>
		<truncated>0</truncated>
		<difficult>0</difficult>
		<bndbox>
			<xmax>228</xmax>
			<xmin>216</xmin>
			<ymax>34</ymax>
			<ymin>17</ymin>
		</bndbox>
	</object>
</annotation>