<annotation>
	<folder>VOC2010</folder>
	<filename>00882400318057_0_Meter_0.jpg</filename>
	<source>
		<database>DICOM VOC2010 compatible Annotation Database</database>
		<annotation>Department of Computer Science and Communication</annotation>
		<image>University of Insubria</image>
	</source>
	<size>
		<width>293</width>
		<height>53</height>
		<depth>3</depth>
	</size>
	<segmented>1</segmented>
	<object>
		<name>zero</name>
		<pose>Unspecified</pose>
		<truncated>0</truncated>
		<difficult>0</difficult>
		<bndbox>
			<xmax>42</xmax>
			<xmin>28</xmin>
			<ymax>36</ymax>
			<ymin>16</ymin>
		</bndbox>
	</object>
	<object>
		<name>zero</name>
		<pose>Unspecified</pose>
		<truncated>0</truncated>
		<difficult>0</difficult>
		<bndbox>
			<xmax>74</xmax>
			<xmin>59</xmin>
			<ymax>38</ymax>
			<ymin>17</ymin>
		</bndbox>
	</object>
	<object>
		<name>uno</name>
		<pose>Unspecified</pose>
		<truncated>0</truncated>
		<difficult>0</difficult>
		<bndbox>
			<xmax>98</xmax>
			<xmin>89</xmin>
			<ymax>36</ymax>
			<ymin>18</ymin>
		</bndbox>
	</object>
	<object>
		<name>zero</name>
		<pose>Unspecified</pose>
		<truncated>0</truncated>
		<difficult>0</difficult>
		<bndbox>
			<xmax>131</xmax>
			<xmin>117</xmin>
			<ymax>38</ymax>
			<ymin>17</ymin>
		</bndbox>
	</object>
	<object>
		<name>quattro</name>
		<pose>Unspecified</pose>
		<truncated>0</truncated>
		<difficult>0</difficult>
		<bndbox>
			<xmax>158</xmax>
			<xmin>148</xmin>
			<ymax>36</ymax>
			<ymin>18</ymin>
		</bndbox>
	</object>
	<object>
		<name>zero</name>
		<pose>Unspecified</pose>
		<truncated>0</truncated>
		<difficult>0</difficult>
		<bndbox>
			<xmax>188</xmax>
			<xmin>175</xmin>
			<ymax>37</ymax>
			<ymin>18</ymin>
		</bndbox>
	</object>
	<object>
		<name>due</name>
		<pose>Unspecified</pose>
		<truncated>0</truncated>
		<difficult>0</difficult>
		<bndbox>
			<xmax>214</xmax>
			<xmin>202</xmin>
			<ymax>38</ymax>
			<ymin>18</ymin>
		</bndbox>
	</object>
	<object>
		<name>quattro</name>
		<pose>Unspecified</pose>
		<truncated>0</truncated>
		<difficult>0</difficult>
		<bndbox>
			<xmax>242</xmax>
			<xmin>230</xmin>
			<ymax>38</ymax>
			<ymin>22</ymin>
		</bndbox>
	</object>
</annotation>