<annotation>
	<folder>VOC2010</folder>
	<filename>00883201371600_0_Meter_1.jpg</filename>
	<source>
		<database>DICOM VOC2010 compatible Annotation Database</database>
		<annotation>Department of Computer Science and Communication</annotation>
		<image>University of Insubria</image>
	</source>
	<size>
		<width>533</width>
		<height>107</height>
		<depth>3</depth>
	</size>
	<segmented>1</segmented>
	<object>
		<name>zero</name>
		<pose>Unspecified</pose>
		<truncated>0</truncated>
		<difficult>0</difficult>
		<bndbox>
			<xmax>70</xmax>
			<xmin>46</xmin>
			<ymax>58</ymax>
			<ymin>24</ymin>
		</bndbox>
	</object>
	<object>
		<name>zero</name>
		<pose>Unspecified</pose>
		<truncated>0</truncated>
		<difficult>0</difficult>
		<bndbox>
			<xmax>126</xmax>
			<xmin>102</xmin>
			<ymax>62</ymax>
			<ymin>28</ymin>
		</bndbox>
	</object>
	<object>
		<name>quattro</name>
		<pose>Unspecified</pose>
		<truncated>0</truncated>
		<difficult>0</difficult>
		<bndbox>
			<xmax>176</xmax>
			<xmin>156</xmin>
			<ymax>62</ymax>
			<ymin>36</ymin>
		</bndbox>
	</object>
	<object>
		<name>otto</name>
		<pose>Unspecified</pose>
		<truncated>0</truncated>
		<difficult>0</difficult>
		<bndbox>
			<xmax>234</xmax>
			<xmin>212</xmin>
			<ymax>67</ymax>
			<ymin>30</ymin>
		</bndbox>
	</object>
	<object>
		<name>quattro</name>
		<pose>Unspecified</pose>
		<truncated>0</truncated>
		<difficult>0</difficult>
		<bndbox>
			<xmax>290</xmax>
			<xmin>266</xmin>
			<ymax>74</ymax>
			<ymin>42</ymin>
		</bndbox>
	</object>
	<object>
		<name>cinque</name>
		<pose>Unspecified</pose>
		<truncated>0</truncated>
		<difficult>0</difficult>
		<bndbox>
			<xmax>346</xmax>
			<xmin>323</xmin>
			<ymax>78</ymax>
			<ymin>40</ymin>
		</bndbox>
	</object>
	<object>
		<name>quattro</name>
		<pose>Unspecified</pose>
		<truncated>0</truncated>
		<difficult>0</difficult>
		<bndbox>
			<xmax>400</xmax>
			<xmin>378</xmin>
			<ymax>80</ymax>
			<ymin>50</ymin>
		</bndbox>
	</object>
</annotation>