<annotation>
	<folder>VOC2010</folder>
	<filename>00883201361593_0_Meter_0.jpg</filename>
	<source>
		<database>DICOM VOC2010 compatible Annotation Database</database>
		<annotation>Department of Computer Science and Communication</annotation>
		<image>University of Insubria</image>
	</source>
	<size>
		<width>587</width>
		<height>133</height>
		<depth>3</depth>
	</size>
	<segmented>1</segmented>
	<object>
		<name>uno</name>
		<pose>Unspecified</pose>
		<truncated>0</truncated>
		<difficult>0</difficult>
		<bndbox>
			<xmax>84</xmax>
			<xmin>72</xmin>
			<ymax>64</ymax>
			<ymin>24</ymin>
		</bndbox>
	</object>
	<object>
		<name>otto</name>
		<pose>Unspecified</pose>
		<truncated>0</truncated>
		<difficult>0</difficult>
		<bndbox>
			<xmax>166</xmax>
			<xmin>136</xmin>
			<ymax>72</ymax>
			<ymin>22</ymin>
		</bndbox>
	</object>
	<object>
		<name>sette</name>
		<pose>Unspecified</pose>
		<truncated>0</truncated>
		<difficult>0</difficult>
		<bndbox>
			<xmax>239</xmax>
			<xmin>210</xmin>
			<ymax>76</ymax>
			<ymin>30</ymin>
		</bndbox>
	</object>
	<object>
		<name>nove</name>
		<pose>Unspecified</pose>
		<truncated>0</truncated>
		<difficult>0</difficult>
		<bndbox>
			<xmax>316</xmax>
			<xmin>279</xmin>
			<ymax>87</ymax>
			<ymin>36</ymin>
		</bndbox>
	</object>
	<object>
		<name>cinque</name>
		<pose>Unspecified</pose>
		<truncated>0</truncated>
		<difficult>0</difficult>
		<bndbox>
			<xmax>387</xmax>
			<xmin>356</xmin>
			<ymax>92</ymax>
			<ymin>40</ymin>
		</bndbox>
	</object>
	<object>
		<name>sei</name>
		<pose>Unspecified</pose>
		<truncated>0</truncated>
		<difficult>0</difficult>
		<bndbox>
			<xmax>458</xmax>
			<xmin>432</xmin>
			<ymax>92</ymax>
			<ymin>53</ymin>
		</bndbox>
	</object>
	<object>
		<name>quattro</name>
		<pose>Unspecified</pose>
		<truncated>0</truncated>
		<difficult>0</difficult>
		<bndbox>
			<xmax>532</xmax>
			<xmin>507</xmin>
			<ymax>99</ymax>
			<ymin>58</ymin>
		</bndbox>
	</object>
</annotation>