<annotation>
	<folder>VOC2010</folder>
	<filename>00882400012471_0_Meter_1.jpg</filename>
	<source>
		<database>DICOM VOC2010 compatible Annotation Database</database>
		<annotation>Department of Computer Science and Communication</annotation>
		<image>University of Insubria</image>
	</source>
	<size>
		<width>293</width>
		<height>27</height>
		<depth>3</depth>
	</size>
	<segmented>1</segmented>
	<object>
		<name>zero</name>
		<pose>Unspecified</pose>
		<truncated>0</truncated>
		<difficult>0</difficult>
		<bndbox>
			<xmax>38</xmax>
			<xmin>22</xmin>
			<ymax>26</ymax>
			<ymin>8</ymin>
		</bndbox>
	</object>
	<object>
		<name>zero</name>
		<pose>Unspecified</pose>
		<truncated>0</truncated>
		<difficult>0</difficult>
		<bndbox>
			<xmax>70</xmax>
			<xmin>54</xmin>
			<ymax>26</ymax>
			<ymin>6</ymin>
		</bndbox>
	</object>
	<object>
		<name>otto</name>
		<pose>Unspecified</pose>
		<truncated>0</truncated>
		<difficult>0</difficult>
		<bndbox>
			<xmax>102</xmax>
			<xmin>88</xmin>
			<ymax>27</ymax>
			<ymin>6</ymin>
		</bndbox>
	</object>
	<object>
		<name>sei</name>
		<pose>Unspecified</pose>
		<truncated>0</truncated>
		<difficult>0</difficult>
		<bndbox>
			<xmax>134</xmax>
			<xmin>120</xmin>
			<ymax>26</ymax>
			<ymin>8</ymin>
		</bndbox>
	</object>
	<object>
		<name>quattro</name>
		<pose>Unspecified</pose>
		<truncated>0</truncated>
		<difficult>0</difficult>
		<bndbox>
			<xmax>166</xmax>
			<xmin>153</xmin>
			<ymax>26</ymax>
			<ymin>8</ymin>
		</bndbox>
	</object>
	<object>
		<name>quattro</name>
		<pose>Unspecified</pose>
		<truncated>0</truncated>
		<difficult>0</difficult>
		<bndbox>
			<xmax>198</xmax>
			<xmin>187</xmin>
			<ymax>26</ymax>
			<ymin>10</ymin>
		</bndbox>
	</object>
	<object>
		<name>cinque</name>
		<pose>Unspecified</pose>
		<truncated>0</truncated>
		<difficult>0</difficult>
		<bndbox>
			<xmax>232</xmax>
			<xmin>216</xmin>
			<ymax>26</ymax>
			<ymin>9</ymin>
		</bndbox>
	</object>
</annotation>