<annotation>
	<folder>VOC2010</folder>
	<filename>00882400471930_0.jpg</filename>
	<source>
		<database>DICOM VOC2010 compatible Annotation Database</database>
		<annotation>Department of Computer Science and Communication</annotation>
		<image>University of Insubria</image>
	</source>
	<size>
		<width>335</width>
		<height>52</height>
		<depth>3</depth>
	</size>
	<segmented>1</segmented>
	<object>
		<name>uno</name>
		<pose>Unspecified</pose>
		<truncated>0</truncated>
		<difficult>0</difficult>
		<bndbox>
			<xmax>33</xmax>
			<xmin>23</xmin>
			<ymax>34</ymax>
			<ymin>12</ymin>
		</bndbox>
	</object>
	<object>
		<name>zero</name>
		<pose>Unspecified</pose>
		<truncated>0</truncated>
		<difficult>0</difficult>
		<bndbox>
			<xmax>76</xmax>
			<xmin>58</xmin>
			<ymax>36</ymax>
			<ymin>10</ymin>
		</bndbox>
	</object>
	<object>
		<name>due</name>
		<pose>Unspecified</pose>
		<truncated>0</truncated>
		<difficult>0</difficult>
		<bndbox>
			<xmax>116</xmax>
			<xmin>98</xmin>
			<ymax>39</ymax>
			<ymin>14</ymin>
		</bndbox>
	</object>
	<object>
		<name>zero</name>
		<pose>Unspecified</pose>
		<truncated>0</truncated>
		<difficult>0</difficult>
		<bndbox>
			<xmax>156</xmax>
			<xmin>136</xmin>
			<ymax>44</ymax>
			<ymin>11</ymin>
		</bndbox>
	</object>
	<object>
		<name>quattro</name>
		<pose>Unspecified</pose>
		<truncated>0</truncated>
		<difficult>0</difficult>
		<bndbox>
			<xmax>192</xmax>
			<xmin>176</xmin>
			<ymax>41</ymax>
			<ymin>16</ymin>
		</bndbox>
	</object>
	<object>
		<name>zero</name>
		<pose>Unspecified</pose>
		<truncated>0</truncated>
		<difficult>0</difficult>
		<bndbox>
			<xmax>234</xmax>
			<xmin>216</xmin>
			<ymax>44</ymax>
			<ymin>18</ymin>
		</bndbox>
	</object>
	<object>
		<name>zero</name>
		<pose>Unspecified</pose>
		<truncated>0</truncated>
		<difficult>0</difficult>
		<bndbox>
			<xmax>274</xmax>
			<xmin>256</xmin>
			<ymax>43</ymax>
			<ymin>16</ymin>
		</bndbox>
	</object>
	<object>
		<name>nove</name>
		<pose>Unspecified</pose>
		<truncated>0</truncated>
		<difficult>0</difficult>
		<bndbox>
			<xmax>314</xmax>
			<xmin>296</xmin>
			<ymax>45</ymax>
			<ymin>18</ymin>
		</bndbox>
	</object>
</annotation>