<annotation>
	<folder>VOC2010</folder>
	<filename>00882400616096_0_Meter_0.jpg</filename>
	<source>
		<database>DICOM VOC2010 compatible Annotation Database</database>
		<annotation>Department of Computer Science and Communication</annotation>
		<image>University of Insubria</image>
	</source>
	<size>
		<width>533</width>
		<height>100</height>
		<depth>3</depth>
	</size>
	<segmented>1</segmented>
	<object>
		<name>zero</name>
		<pose>Unspecified</pose>
		<truncated>0</truncated>
		<difficult>0</difficult>
		<bndbox>
			<xmax>66</xmax>
			<xmin>48</xmin>
			<ymax>68</ymax>
			<ymin>30</ymin>
		</bndbox>
	</object>
	<object>
		<name>sei</name>
		<pose>Unspecified</pose>
		<truncated>0</truncated>
		<difficult>0</difficult>
		<bndbox>
			<xmax>125</xmax>
			<xmin>106</xmin>
			<ymax>70</ymax>
			<ymin>34</ymin>
		</bndbox>
	</object>
	<object>
		<name>tre</name>
		<pose>Unspecified</pose>
		<truncated>0</truncated>
		<difficult>0</difficult>
		<bndbox>
			<xmax>178</xmax>
			<xmin>161</xmin>
			<ymax>66</ymax>
			<ymin>28</ymin>
		</bndbox>
	</object>
	<object>
		<name>quattro</name>
		<pose>Unspecified</pose>
		<truncated>0</truncated>
		<difficult>0</difficult>
		<bndbox>
			<xmax>232</xmax>
			<xmin>215</xmin>
			<ymax>69</ymax>
			<ymin>34</ymin>
		</bndbox>
	</object>
	<object>
		<name>cinque</name>
		<pose>Unspecified</pose>
		<truncated>0</truncated>
		<difficult>0</difficult>
		<bndbox>
			<xmax>286</xmax>
			<xmin>269</xmin>
			<ymax>68</ymax>
			<ymin>32</ymin>
		</bndbox>
	</object>
	<object>
		<name>sette</name>
		<pose>Unspecified</pose>
		<truncated>0</truncated>
		<difficult>0</difficult>
		<bndbox>
			<xmax>341</xmax>
			<xmin>323</xmin>
			<ymax>69</ymax>
			<ymin>32</ymin>
		</bndbox>
	</object>
	<object>
		<name>due</name>
		<pose>Unspecified</pose>
		<truncated>0</truncated>
		<difficult>0</difficult>
		<bndbox>
			<xmax>390</xmax>
			<xmin>372</xmin>
			<ymax>76</ymax>
			<ymin>43</ymin>
		</bndbox>
	</object>
	<object>
		<name>zero</name>
		<pose>Unspecified</pose>
		<truncated>0</truncated>
		<difficult>0</difficult>
		<bndbox>
			<xmax>442</xmax>
			<xmin>426</xmin>
			<ymax>72</ymax>
			<ymin>37</ymin>
		</bndbox>
	</object>
</annotation>