<annotation>
	<folder>VOC2010</folder>
	<filename>00882400703738_0_Meter_1.jpg</filename>
	<source>
		<database>DICOM VOC2010 compatible Annotation Database</database>
		<annotation>Department of Computer Science and Communication</annotation>
		<image>University of Insubria</image>
	</source>
	<size>
		<width>427</width>
		<height>80</height>
		<depth>3</depth>
	</size>
	<segmented>1</segmented>
	<object>
		<name>zero</name>
		<pose>Unspecified</pose>
		<truncated>0</truncated>
		<difficult>0</difficult>
		<bndbox>
			<xmax>78</xmax>
			<xmin>60</xmin>
			<ymax>66</ymax>
			<ymin>36</ymin>
		</bndbox>
	</object>
	<object>
		<name>zero</name>
		<pose>Unspecified</pose>
		<truncated>0</truncated>
		<difficult>0</difficult>
		<bndbox>
			<xmax>122</xmax>
			<xmin>101</xmin>
			<ymax>65</ymax>
			<ymin>38</ymin>
		</bndbox>
	</object>
	<object>
		<name>otto</name>
		<pose>Unspecified</pose>
		<truncated>0</truncated>
		<difficult>0</difficult>
		<bndbox>
			<xmax>162</xmax>
			<xmin>144</xmin>
			<ymax>64</ymax>
			<ymin>34</ymin>
		</bndbox>
	</object>
	<object>
		<name>sei</name>
		<pose>Unspecified</pose>
		<truncated>0</truncated>
		<difficult>0</difficult>
		<bndbox>
			<xmax>204</xmax>
			<xmin>186</xmin>
			<ymax>64</ymax>
			<ymin>36</ymin>
		</bndbox>
	</object>
	<object>
		<name>quattro</name>
		<pose>Unspecified</pose>
		<truncated>0</truncated>
		<difficult>0</difficult>
		<bndbox>
			<xmax>244</xmax>
			<xmin>231</xmin>
			<ymax>60</ymax>
			<ymin>37</ymin>
		</bndbox>
	</object>
	<object>
		<name>due</name>
		<pose>Unspecified</pose>
		<truncated>0</truncated>
		<difficult>0</difficult>
		<bndbox>
			<xmax>286</xmax>
			<xmin>270</xmin>
			<ymax>62</ymax>
			<ymin>36</ymin>
		</bndbox>
	</object>
	<object>
		<name>tre</name>
		<pose>Unspecified</pose>
		<truncated>0</truncated>
		<difficult>0</difficult>
		<bndbox>
			<xmax>327</xmax>
			<xmin>311</xmin>
			<ymax>61</ymax>
			<ymin>35</ymin>
		</bndbox>
	</object>
	<object>
		<name>sette</name>
		<pose>Unspecified</pose>
		<truncated>0</truncated>
		<difficult>0</difficult>
		<bndbox>
			<xmax>369</xmax>
			<xmin>354</xmin>
			<ymax>55</ymax>
			<ymin>31</ymin>
		</bndbox>
	</object>
</annotation>