<annotation>
	<folder>VOC2010</folder>
	<filename>00883201351420_0_Meter_0.jpg</filename>
	<source>
		<database>DICOM VOC2010 compatible Annotation Database</database>
		<annotation>Department of Computer Science and Communication</annotation>
		<image>University of Insubria</image>
	</source>
	<size>
		<width>533</width>
		<height>80</height>
		<depth>3</depth>
	</size>
	<segmented>1</segmented>
	<object>
		<name>uno</name>
		<pose>Unspecified</pose>
		<truncated>0</truncated>
		<difficult>0</difficult>
		<bndbox>
			<xmax>32</xmax>
			<xmin>23</xmin>
			<ymax>59</ymax>
			<ymin>28</ymin>
		</bndbox>
	</object>
	<object>
		<name>uno</name>
		<pose>Unspecified</pose>
		<truncated>0</truncated>
		<difficult>0</difficult>
		<bndbox>
			<xmax>92</xmax>
			<xmin>82</xmin>
			<ymax>57</ymax>
			<ymin>25</ymin>
		</bndbox>
	</object>
	<object>
		<name>quattro</name>
		<pose>Unspecified</pose>
		<truncated>0</truncated>
		<difficult>0</difficult>
		<bndbox>
			<xmax>155</xmax>
			<xmin>136</xmin>
			<ymax>59</ymax>
			<ymin>24</ymin>
		</bndbox>
	</object>
	<object>
		<name>cinque</name>
		<pose>Unspecified</pose>
		<truncated>0</truncated>
		<difficult>0</difficult>
		<bndbox>
			<xmax>216</xmax>
			<xmin>192</xmin>
			<ymax>61</ymax>
			<ymin>22</ymin>
		</bndbox>
	</object>
	<object>
		<name>sei</name>
		<pose>Unspecified</pose>
		<truncated>0</truncated>
		<difficult>0</difficult>
		<bndbox>
			<xmax>274</xmax>
			<xmin>252</xmin>
			<ymax>60</ymax>
			<ymin>22</ymin>
		</bndbox>
	</object>
	<object>
		<name>otto</name>
		<pose>Unspecified</pose>
		<truncated>0</truncated>
		<difficult>0</difficult>
		<bndbox>
			<xmax>332</xmax>
			<xmin>310</xmin>
			<ymax>58</ymax>
			<ymin>20</ymin>
		</bndbox>
	</object>
	<object>
		<name>cinque</name>
		<pose>Unspecified</pose>
		<truncated>0</truncated>
		<difficult>0</difficult>
		<bndbox>
			<xmax>390</xmax>
			<xmin>370</xmin>
			<ymax>54</ymax>
			<ymin>16</ymin>
		</bndbox>
	</object>
	<object>
		<name>otto</name>
		<pose>Unspecified</pose>
		<truncated>0</truncated>
		<difficult>0</difficult>
		<bndbox>
			<xmax>448</xmax>
			<xmin>428</xmin>
			<ymax>61</ymax>
			<ymin>23</ymin>
		</bndbox>
	</object>
</annotation>