<annotation>
	<folder>VOC2010</folder>
	<filename>00883201375700_0_Meter_0.jpg</filename>
	<source>
		<database>DICOM VOC2010 compatible Annotation Database</database>
		<annotation>Department of Computer Science and Communication</annotation>
		<image>University of Insubria</image>
	</source>
	<size>
		<width>507</width>
		<height>107</height>
		<depth>3</depth>
	</size>
	<segmented>1</segmented>
	<object>
		<name>zero</name>
		<pose>Unspecified</pose>
		<truncated>0</truncated>
		<difficult>0</difficult>
		<bndbox>
			<xmax>43</xmax>
			<xmin>22</xmin>
			<ymax>96</ymax>
			<ymin>66</ymin>
		</bndbox>
	</object>
	<object>
		<name>due</name>
		<pose>Unspecified</pose>
		<truncated>0</truncated>
		<difficult>0</difficult>
		<bndbox>
			<xmax>88</xmax>
			<xmin>68</xmin>
			<ymax>96</ymax>
			<ymin>68</ymin>
		</bndbox>
	</object>
	<object>
		<name>due</name>
		<pose>Unspecified</pose>
		<truncated>0</truncated>
		<difficult>0</difficult>
		<bndbox>
			<xmax>134</xmax>
			<xmin>115</xmin>
			<ymax>96</ymax>
			<ymin>66</ymin>
		</bndbox>
	</object>
	<object>
		<name>zero</name>
		<pose>Unspecified</pose>
		<truncated>0</truncated>
		<difficult>0</difficult>
		<bndbox>
			<xmax>178</xmax>
			<xmin>159</xmin>
			<ymax>94</ymax>
			<ymin>66</ymin>
		</bndbox>
	</object>
	<object>
		<name>quattro</name>
		<pose>Unspecified</pose>
		<truncated>0</truncated>
		<difficult>0</difficult>
		<bndbox>
			<xmax>222</xmax>
			<xmin>204</xmin>
			<ymax>92</ymax>
			<ymin>68</ymin>
		</bndbox>
	</object>
	<object>
		<name>sette</name>
		<pose>Unspecified</pose>
		<truncated>0</truncated>
		<difficult>0</difficult>
		<bndbox>
			<xmax>268</xmax>
			<xmin>251</xmin>
			<ymax>90</ymax>
			<ymin>64</ymin>
		</bndbox>
	</object>
	<object>
		<name>tre</name>
		<pose>Unspecified</pose>
		<truncated>0</truncated>
		<difficult>0</difficult>
		<bndbox>
			<xmax>315</xmax>
			<xmin>297</xmin>
			<ymax>94</ymax>
			<ymin>65</ymin>
		</bndbox>
	</object>
</annotation>