<annotation>
	<folder>VOC2010</folder>
	<filename>00882401101858_0_Meter_0.jpg</filename>
	<source>
		<database>DICOM VOC2010 compatible Annotation Database</database>
		<annotation>Department of Computer Science and Communication</annotation>
		<image>University of Insubria</image>
	</source>
	<size>
		<width>373</width>
		<height>80</height>
		<depth>3</depth>
	</size>
	<segmented>1</segmented>
	<object>
		<name>zero</name>
		<pose>Unspecified</pose>
		<truncated>0</truncated>
		<difficult>0</difficult>
		<bndbox>
			<xmax>22</xmax>
			<xmin>4</xmin>
			<ymax>68</ymax>
			<ymin>38</ymin>
		</bndbox>
	</object>
	<object>
		<name>tre</name>
		<pose>Unspecified</pose>
		<truncated>0</truncated>
		<difficult>0</difficult>
		<bndbox>
			<xmax>69</xmax>
			<xmin>52</xmin>
			<ymax>67</ymax>
			<ymin>38</ymin>
		</bndbox>
	</object>
	<object>
		<name>due</name>
		<pose>Unspecified</pose>
		<truncated>0</truncated>
		<difficult>0</difficult>
		<bndbox>
			<xmax>116</xmax>
			<xmin>98</xmin>
			<ymax>68</ymax>
			<ymin>41</ymin>
		</bndbox>
	</object>
	<object>
		<name>zero</name>
		<pose>Unspecified</pose>
		<truncated>0</truncated>
		<difficult>0</difficult>
		<bndbox>
			<xmax>161</xmax>
			<xmin>143</xmin>
			<ymax>66</ymax>
			<ymin>38</ymin>
		</bndbox>
	</object>
	<object>
		<name>cinque</name>
		<pose>Unspecified</pose>
		<truncated>0</truncated>
		<difficult>0</difficult>
		<bndbox>
			<xmax>204</xmax>
			<xmin>188</xmin>
			<ymax>65</ymax>
			<ymin>36</ymin>
		</bndbox>
	</object>
	<object>
		<name>sei</name>
		<pose>Unspecified</pose>
		<truncated>0</truncated>
		<difficult>0</difficult>
		<bndbox>
			<xmax>248</xmax>
			<xmin>232</xmin>
			<ymax>64</ymax>
			<ymin>36</ymin>
		</bndbox>
	</object>
	<object>
		<name>tre</name>
		<pose>Unspecified</pose>
		<truncated>0</truncated>
		<difficult>0</difficult>
		<bndbox>
			<xmax>294</xmax>
			<xmin>277</xmin>
			<ymax>65</ymax>
			<ymin>36</ymin>
		</bndbox>
	</object>
	<object>
		<name>quattro</name>
		<pose>Unspecified</pose>
		<truncated>0</truncated>
		<difficult>0</difficult>
		<bndbox>
			<xmax>337</xmax>
			<xmin>322</xmin>
			<ymax>62</ymax>
			<ymin>36</ymin>
		</bndbox>
	</object>
</annotation>