<annotation>
	<folder>VOC2010</folder>
	<filename>00883201360504_0_Meter_0.jpg</filename>
	<source>
		<database>DICOM VOC2010 compatible Annotation Database</database>
		<annotation>Department of Computer Science and Communication</annotation>
		<image>University of Insubria</image>
	</source>
	<size>
		<width>320</width>
		<height>53</height>
		<depth>3</depth>
	</size>
	<segmented>1</segmented>
	<object>
		<name>uno</name>
		<pose>Unspecified</pose>
		<truncated>0</truncated>
		<difficult>0</difficult>
		<bndbox>
			<xmax>34</xmax>
			<xmin>26</xmin>
			<ymax>32</ymax>
			<ymin>13</ymin>
		</bndbox>
	</object>
	<object>
		<name>quattro</name>
		<pose>Unspecified</pose>
		<truncated>0</truncated>
		<difficult>0</difficult>
		<bndbox>
			<xmax>69</xmax>
			<xmin>59</xmin>
			<ymax>32</ymax>
			<ymin>15</ymin>
		</bndbox>
	</object>
	<object>
		<name>sei</name>
		<pose>Unspecified</pose>
		<truncated>0</truncated>
		<difficult>0</difficult>
		<bndbox>
			<xmax>104</xmax>
			<xmin>88</xmin>
			<ymax>39</ymax>
			<ymin>15</ymin>
		</bndbox>
	</object>
	<object>
		<name>zero</name>
		<pose>Unspecified</pose>
		<truncated>0</truncated>
		<difficult>0</difficult>
		<bndbox>
			<xmax>138</xmax>
			<xmin>122</xmin>
			<ymax>40</ymax>
			<ymin>18</ymin>
		</bndbox>
	</object>
	<object>
		<name>due</name>
		<pose>Unspecified</pose>
		<truncated>0</truncated>
		<difficult>0</difficult>
		<bndbox>
			<xmax>170</xmax>
			<xmin>156</xmin>
			<ymax>40</ymax>
			<ymin>19</ymin>
		</bndbox>
	</object>
	<object>
		<name>uno</name>
		<pose>Unspecified</pose>
		<truncated>0</truncated>
		<difficult>0</difficult>
		<bndbox>
			<xmax>200</xmax>
			<xmin>192</xmin>
			<ymax>43</ymax>
			<ymin>24</ymin>
		</bndbox>
	</object>
	<object>
		<name>uno</name>
		<pose>Unspecified</pose>
		<truncated>0</truncated>
		<difficult>0</difficult>
		<bndbox>
			<xmax>234</xmax>
			<xmin>226</xmin>
			<ymax>42</ymax>
			<ymin>24</ymin>
		</bndbox>
	</object>
	<object>
		<name>zero</name>
		<pose>Unspecified</pose>
		<truncated>0</truncated>
		<difficult>0</difficult>
		<bndbox>
			<xmax>272</xmax>
			<xmin>258</xmin>
			<ymax>42</ymax>
			<ymin>22</ymin>
		</bndbox>
	</object>
</annotation>