<annotation>
	<folder>VOC2010</folder>
	<filename>00882400751831_0_Meter_0.jpg</filename>
	<source>
		<database>DICOM VOC2010 compatible Annotation Database</database>
		<annotation>Department of Computer Science and Communication</annotation>
		<image>University of Insubria</image>
	</source>
	<size>
		<width>453</width>
		<height>80</height>
		<depth>3</depth>
	</size>
	<segmented>1</segmented>
	<object>
		<name>zero</name>
		<pose>Unspecified</pose>
		<truncated>0</truncated>
		<difficult>0</difficult>
		<bndbox>
			<xmax>99</xmax>
			<xmin>76</xmin>
			<ymax>64</ymax>
			<ymin>30</ymin>
		</bndbox>
	</object>
	<object>
		<name>zero</name>
		<pose>Unspecified</pose>
		<truncated>0</truncated>
		<difficult>0</difficult>
		<bndbox>
			<xmax>150</xmax>
			<xmin>125</xmin>
			<ymax>61</ymax>
			<ymin>28</ymin>
		</bndbox>
	</object>
	<object>
		<name>sei</name>
		<pose>Unspecified</pose>
		<truncated>0</truncated>
		<difficult>0</difficult>
		<bndbox>
			<xmax>248</xmax>
			<xmin>224</xmin>
			<ymax>61</ymax>
			<ymin>26</ymin>
		</bndbox>
	</object>
	<object>
		<name>uno</name>
		<pose>Unspecified</pose>
		<truncated>0</truncated>
		<difficult>0</difficult>
		<bndbox>
			<xmax>289</xmax>
			<xmin>279</xmin>
			<ymax>57</ymax>
			<ymin>28</ymin>
		</bndbox>
	</object>
	<object>
		<name>sei</name>
		<pose>Unspecified</pose>
		<truncated>0</truncated>
		<difficult>0</difficult>
		<bndbox>
			<xmax>342</xmax>
			<xmin>320</xmin>
			<ymax>59</ymax>
			<ymin>26</ymin>
		</bndbox>
	</object>
	<object>
		<name>zero</name>
		<pose>Unspecified</pose>
		<truncated>0</truncated>
		<difficult>0</difficult>
		<bndbox>
			<xmax>388</xmax>
			<xmin>366</xmin>
			<ymax>58</ymax>
			<ymin>24</ymin>
		</bndbox>
	</object>
	<object>
		<name>tre</name>
		<pose>Unspecified</pose>
		<truncated>0</truncated>
		<difficult>0</difficult>
		<bndbox>
			<xmax>200</xmax>
			<xmin>178</xmin>
			<ymax>60</ymax>
			<ymin>27</ymin>
		</bndbox>
	</object>
</annotation>