<annotation>
	<folder>VOC2010</folder>
	<filename>02800000313446_0.jpg</filename>
	<source>
		<database>DICOM VOC2010 compatible Annotation Database</database>
		<annotation>Department of Computer Science and Communication</annotation>
		<image>University of Insubria</image>
	</source>
	<size>
		<width>511</width>
		<height>73</height>
		<depth>3</depth>
	</size>
	<segmented>1</segmented>
	<object>
		<name>zero</name>
		<pose>Unspecified</pose>
		<truncated>0</truncated>
		<difficult>0</difficult>
		<bndbox>
			<xmax>58</xmax>
			<xmin>32</xmin>
			<ymax>67</ymax>
			<ymin>25</ymin>
		</bndbox>
	</object>
	<object>
		<name>due</name>
		<pose>Unspecified</pose>
		<truncated>0</truncated>
		<difficult>0</difficult>
		<bndbox>
			<xmax>126</xmax>
			<xmin>100</xmin>
			<ymax>66</ymax>
			<ymin>21</ymin>
		</bndbox>
	</object>
	<object>
		<name>sei</name>
		<pose>Unspecified</pose>
		<truncated>0</truncated>
		<difficult>0</difficult>
		<bndbox>
			<xmax>190</xmax>
			<xmin>167</xmin>
			<ymax>60</ymax>
			<ymin>17</ymin>
		</bndbox>
	</object>
	<object>
		<name>sette</name>
		<pose>Unspecified</pose>
		<truncated>0</truncated>
		<difficult>0</difficult>
		<bndbox>
			<xmax>256</xmax>
			<xmin>232</xmin>
			<ymax>60</ymax>
			<ymin>20</ymin>
		</bndbox>
	</object>
	<object>
		<name>sette</name>
		<pose>Unspecified</pose>
		<truncated>0</truncated>
		<difficult>0</difficult>
		<bndbox>
			<xmax>320</xmax>
			<xmin>296</xmin>
			<ymax>58</ymax>
			<ymin>15</ymin>
		</bndbox>
	</object>
	<object>
		<name>zero</name>
		<pose>Unspecified</pose>
		<truncated>0</truncated>
		<difficult>0</difficult>
		<bndbox>
			<xmax>382</xmax>
			<xmin>356</xmin>
			<ymax>58</ymax>
			<ymin>16</ymin>
		</bndbox>
	</object>
	<object>
		<name>tre</name>
		<pose>Unspecified</pose>
		<truncated>0</truncated>
		<difficult>0</difficult>
		<bndbox>
			<xmax>440</xmax>
			<xmin>416</xmin>
			<ymax>58</ymax>
			<ymin>16</ymin>
		</bndbox>
	</object>
	<object>
		<name>otto</name>
		<pose>Unspecified</pose>
		<truncated>0</truncated>
		<difficult>0</difficult>
		<bndbox>
			<xmax>498</xmax>
			<xmin>472</xmin>
			<ymax>58</ymax>
			<ymin>18</ymin>
		</bndbox>
	</object>
</annotation>