<annotation>
	<folder>VOC2010</folder>
	<filename>02800000313820_0.jpg</filename>
	<source>
		<database>DICOM VOC2010 compatible Annotation Database</database>
		<annotation>Department of Computer Science and Communication</annotation>
		<image>University of Insubria</image>
	</source>
	<size>
		<width>382</width>
		<height>55</height>
		<depth>3</depth>
	</size>
	<segmented>1</segmented>
	<object>
		<name>zero</name>
		<pose>Unspecified</pose>
		<truncated>0</truncated>
		<difficult>0</difficult>
		<bndbox>
			<xmax>46</xmax>
			<xmin>26</xmin>
			<ymax>52</ymax>
			<ymin>20</ymin>
		</bndbox>
	</object>
	<object>
		<name>quattro</name>
		<pose>Unspecified</pose>
		<truncated>0</truncated>
		<difficult>0</difficult>
		<bndbox>
			<xmax>94</xmax>
			<xmin>75</xmin>
			<ymax>48</ymax>
			<ymin>20</ymin>
		</bndbox>
	</object>
	<object>
		<name>due</name>
		<pose>Unspecified</pose>
		<truncated>0</truncated>
		<difficult>0</difficult>
		<bndbox>
			<xmax>142</xmax>
			<xmin>122</xmin>
			<ymax>47</ymax>
			<ymin>17</ymin>
		</bndbox>
	</object>
	<object>
		<name>uno</name>
		<pose>Unspecified</pose>
		<truncated>0</truncated>
		<difficult>0</difficult>
		<bndbox>
			<xmax>180</xmax>
			<xmin>171</xmin>
			<ymax>44</ymax>
			<ymin>16</ymin>
		</bndbox>
	</object>
	<object>
		<name>tre</name>
		<pose>Unspecified</pose>
		<truncated>0</truncated>
		<difficult>0</difficult>
		<bndbox>
			<xmax>232</xmax>
			<xmin>214</xmin>
			<ymax>46</ymax>
			<ymin>16</ymin>
		</bndbox>
	</object>
	<object>
		<name>cinque</name>
		<pose>Unspecified</pose>
		<truncated>0</truncated>
		<difficult>0</difficult>
		<bndbox>
			<xmax>274</xmax>
			<xmin>256</xmin>
			<ymax>41</ymax>
			<ymin>10</ymin>
		</bndbox>
	</object>
	<object>
		<name>due</name>
		<pose>Unspecified</pose>
		<truncated>0</truncated>
		<difficult>0</difficult>
		<bndbox>
			<xmax>320</xmax>
			<xmin>299</xmin>
			<ymax>42</ymax>
			<ymin>14</ymin>
		</bndbox>
	</object>
</annotation>