<annotation>
	<folder>VOC2010</folder>
	<filename>02800000312358_0.jpg</filename>
	<source>
		<database>DICOM VOC2010 compatible Annotation Database</database>
		<annotation>Department of Computer Science and Communication</annotation>
		<image>University of Insubria</image>
	</source>
	<size>
		<width>592</width>
		<height>111</height>
		<depth>3</depth>
	</size>
	<segmented>1</segmented>
	<object>
		<name>due</name>
		<pose>Unspecified</pose>
		<truncated>0</truncated>
		<difficult>0</difficult>
		<bndbox>
			<xmax>74</xmax>
			<xmin>40</xmin>
			<ymax>88</ymax>
			<ymin>32</ymin>
		</bndbox>
	</object>
	<object>
		<name>quattro</name>
		<pose>Unspecified</pose>
		<truncated>0</truncated>
		<difficult>0</difficult>
		<bndbox>
			<xmax>166</xmax>
			<xmin>134</xmin>
			<ymax>86</ymax>
			<ymin>33</ymin>
		</bndbox>
	</object>
	<object>
		<name>tre</name>
		<pose>Unspecified</pose>
		<truncated>0</truncated>
		<difficult>0</difficult>
		<bndbox>
			<xmax>254</xmax>
			<xmin>220</xmin>
			<ymax>88</ymax>
			<ymin>31</ymin>
		</bndbox>
	</object>
	<object>
		<name>sei</name>
		<pose>Unspecified</pose>
		<truncated>0</truncated>
		<difficult>0</difficult>
		<bndbox>
			<xmax>342</xmax>
			<xmin>306</xmin>
			<ymax>91</ymax>
			<ymin>32</ymin>
		</bndbox>
	</object>
	<object>
		<name>sette</name>
		<pose>Unspecified</pose>
		<truncated>0</truncated>
		<difficult>0</difficult>
		<bndbox>
			<xmax>428</xmax>
			<xmin>392</xmin>
			<ymax>85</ymax>
			<ymin>30</ymin>
		</bndbox>
	</object>
	<object>
		<name>uno</name>
		<pose>Unspecified</pose>
		<truncated>0</truncated>
		<difficult>0</difficult>
		<bndbox>
			<xmax>499</xmax>
			<xmin>478</xmin>
			<ymax>84</ymax>
			<ymin>37</ymin>
		</bndbox>
	</object>
	<object>
		<name>nove</name>
		<pose>Unspecified</pose>
		<truncated>0</truncated>
		<difficult>0</difficult>
		<bndbox>
			<xmax>590</xmax>
			<xmin>556</xmin>
			<ymax>88</ymax>
			<ymin>41</ymin>
		</bndbox>
	</object>
</annotation>