<annotation>
	<folder>VOC2010</folder>
	<filename>00882400320772_0.jpg</filename>
	<source>
		<database>DICOM VOC2010 compatible Annotation Database</database>
		<annotation>Department of Computer Science and Communication</annotation>
		<image>University of Insubria</image>
	</source>
	<size>
		<width>640</width>
		<height>480</height>
		<depth>3</depth>
	</size>
	<segmented>1</segmented>
	<object>
		<name>ArteMeter</name>
		<pose>Unspecified</pose>
		<truncated>0</truncated>
		<difficult>0</difficult>
		<bndbox>
			<xmax>446</xmax>
			<xmin>105</xmin>
			<ymax>174</ymax>
			<ymin>120</ymin>
		</bndbox>
	</object>
</annotation>