<annotation>
	<folder>VOC2010</folder>
	<filename>00882400952133_0.jpg</filename>
	<source>
		<database>DICOM VOC2010 compatible Annotation Database</database>
		<annotation>Department of Computer Science and Communication</annotation>
		<image>University of Insubria</image>
	</source>
	<size>
		<width>640</width>
		<height>480</height>
		<depth>3</depth>
	</size>
	<segmented>1</segmented>
	<object>
		<name>ArteMeter</name>
		<pose>Unspecified</pose>
		<truncated>0</truncated>
		<difficult>0</difficult>
		<bndbox>
			<xmax>419</xmax>
			<xmin>73</xmin>
			<ymax>230</ymax>
			<ymin>169</ymin>
		</bndbox>
	</object>
</annotation>